Quarter,Title,Course,Section,Program,Faculty,Schedule,Capacity,Building,Location
Winter 2025,Advanced Investments,35150,1,Full-Time MBA,Stefan Nagel,"Thursday, 8:30 AM - 11:30 AM",48/65,Harper Center,C02
Spring 2025,Applied Macroeconomics: Micro Data for Macro Models,33942,50,PhD,Chang-Tai Hsieh and Erik Hurst,"Monday, 1:30 PM - 4:30 PM",1/20,Harper Center,3A
Spring 2025,Market Design,33915,50,PhD,Eric Budish and Jacob Leshno,"Thursday, 9:00 AM - 12:00 PM",1/35,Harper Center,3B
Autumn 2024,Microeconomics Reading and Research Seminar,33903,50,PhD,Eric Budish and Matthew Notowidigdo and Eric Zwick,"Monday, 4:30 PM - 6:00 PM",4/22,Harper Center,3SW
Autumn 2024,Topics in Information Economics,33914,50,PhD,Emir Kamenica,"Tuesday, 9:00 AM - 12:00 PM",7/35,Harper Center,3B
Autumn 2024,Advanced Industrial Organization I,33921,50,PhD,Chad Syverson,"Thursday, 8:30 AM - 11:30 AM",26/35,Harper Center,3B
Autumn 2024,Private Equity Transactions,34305,1,Full-Time MBA,Stephen Ritchie,"Thursday, 3:00 PM - 6:00 PM",30/30,Harper Center,C06
Autumn 2024,Real Estate Lab: Real Estate Challenge,34704,81,Evening MBA,Joseph Pagliari,"Tuesday, 6:00 PM - 9:00 PM",14/15,Gleacher Center,308
Autumn 2024,Entrepreneurial Discovery,34705,2,Full-Time MBA,Mark Tebbe,"Wednesday, 1:30 PM - 4:30 PM",49/60,Harper Center,C25
Autumn 2024,Entrepreneurial Discovery,34705,1,Full-Time MBA,Mark Tebbe,"Monday, 1:30 PM - 4:30 PM",51/60,Harper Center,C25
Autumn 2024,Asset Pricing I,34901,50,PhD,Lars Hansen and John Heaton,"Monday, 8:30 AM - 9:50 AM Wednesday, 8:30 AM - 9:50 AM",18/35,Harper Center,3B
Autumn 2024,Corporate Finance I,34903,50,PhD,Douglas Diamond,"Monday, 3:00 PM - 6:00 PM",7/35,Harper Center,3B
Autumn 2024,Introductory Finance,35001,85,Weekend MBA,George Constantinides,"Saturday, 9:00 AM - 12:00 PM",26/65,Gleacher Center,404
Autumn 2024,Introductory Finance,35001,1,Full-Time MBA,George Constantinides,"Thursday, 8:30 AM - 11:30 AM",30/65,Harper Center,C09
Autumn 2024,Introductory Finance,35001,81,Evening MBA,George Constantinides,"Thursday, 6:00 PM - 9:00 PM",19/65,Gleacher Center,306
Autumn 2024,Research Seminar,35930,50,PhD,Stefan Nagel and Pascal Noel and Anthony Zhang,"Tuesday, 8:30 AM - 11:30 AM",3/22,Harper Center,3SW
Autumn 2024,Research Seminar,35930,1,PhD,Joseph Vavra,"Wednesday, 10:30 AM - 11:50 AM",8/65,,
Autumn 2024,Digital Marketing,37301,81,Evening MBA,Lil Mohan,"Friday, 6:00 PM - 9:00 PM",42/65,Gleacher Center,206
Autumn 2024,Digital Marketing Lab,37703,85,Weekend MBA,Lil Mohan,"Saturday, 1:30 PM - 4:30 PM",30/40,Gleacher Center,206
Winter 2025,Ethics of Business,38115,85,Weekend MBA,John Rollert,"Saturday, 1:30 PM - 4:30 PM",51/65,Gleacher Center,308
Autumn 2024,Behavioral Economics - Development & Observational Data,38916,50,PhD,Joshua Dean and Devin Pope,"Tuesday, 1:30 PM - 4:30 PM",14/35,Harper Center,3B
Winter 2025,Healthcare Analytics Lab,40721,1,Full-Time MBA,Dan Adelman,"Wednesday, 8:30 AM - 11:30 AM",15/35,Booth 455,132
Winter 2025,Financial Econometrics,41203,81,Evening MBA,Jeffrey Russell,"Wednesday, 6:00 PM - 9:00 PM",29/65,Gleacher Center,204
Autumn 2024,Probability and Statistics,41901,50,PhD,Tetsuya Kaji,"Friday, 1:30 PM - 4:30 PM",39/65,Harper Center,C04
Winter 2025,Time-series Analysis for Forecasting and Model Building,41910,50,PhD,Jeffrey Russell,"Friday, 1:30 PM - 4:30 PM",60/65,Harper Center,C09
Autumn 2024,"Bayes, AI and Deep Learning",41916,50,PhD,Nicholas Polson,"Thursday, 8:30 AM - 11:30 AM",17/22,Harper Center,3SW
Autumn 2024,Arts Leadership: Exemplary is Not Enough,42126,1,Full-Time MBA,Mary Ittelson,"Tuesday, 1:30 PM - 4:30 PM",25/40,Harper Center,C08
Autumn 2024,The Legal Infrastructure of Business,42201,85,Weekend MBA,Randal Picker,"Saturday, 1:30 PM - 4:30 PM",42/65,Gleacher Center,306
Autumn 2024,The Legal Infrastructure of Business,42201,81,Evening MBA,Randal Picker,"Wednesday, 6:00 PM - 9:00 PM",57/65,Gleacher Center,204
Autumn 2024,Accounting and Financial Analysis,30116,1,Full-Time MBA,Hans Christensen,"Tuesday, 8:30 AM - 11:30 AM",70/70,Harper Center,C06
Winter 2025,Advanced Financial Analysis and Valuation for Global Firms,30131,1,Full-Time MBA,Charles McClure,"Wednesday, 1:30 PM - 4:30 PM",70/70,Harper Center,C05
Winter 2025,Advanced Financial Analysis and Valuation for Global Firms,30131,2,Full-Time MBA,Charles McClure,"Wednesday, 5:00 PM - 8:00 PM",61/70,Harper Center,C05
Winter 2025,Business in Historical Perspective,33112,1,Full-Time MBA,Richard Hornbeck,"Monday, 8:30 AM - 11:30 AM",65/65,Harper Center,C02
Winter 2025,Business in Historical Perspective,33112,2,Full-Time MBA,Richard Hornbeck,"Monday, 1:30 PM - 4:30 PM",65/65,Harper Center,C02
Spring 2025,Money and Banking,33401,1,Full-Time MBA,Randall Kroszner,"Tuesday, 1:30 PM - 4:30 PM",70/70,Harper Center,C10
Spring 2025,Money and Banking,33401,81,Evening MBA,Randall Kroszner,"Tuesday, 6:00 PM - 9:00 PM",67/70,Gleacher Center,406
Spring 2025,Money and Banking,33401,2,Full-Time MBA,Randall Kroszner,"Wednesday, 1:30 PM - 4:30 PM",70/70,Harper Center,C10
Winter 2025,Real Estate Investments I,33450,1,Full-Time MBA,Joseph Pagliari,"Thursday, 1:30 PM - 4:30 PM",52/65,Harper Center,C03
Winter 2025,Real Estate Investments I,33450,81,Evening MBA,Joseph Pagliari,"Thursday, 6:00 PM - 9:00 PM",49/65,Gleacher Center,308
Winter 2025,Real Estate Investments I,33450,85,Weekend MBA,Joseph Pagliari,"Saturday, 9:00 AM - 12:00 PM",52/65,,
Winter 2025,Microeconomics Reading and Research Seminar,33904,50,PhD,Eric Budish and Matthew Notowidigdo and Eric Zwick,"Monday, 4:45 PM - 6:15 PM",5/22,Harper Center,3SW
Winter 2025,Advanced Industrial Organization II,33922,50,PhD,Ali Hortacsu,"Tuesday, 12:30 PM - 1:50 PM Thursday, 12:30 PM - 1:50 PM",8/30,,
Autumn 2024,Building the New Venture,34103,1,Full-Time MBA,Scott Metcalf,"Tuesday, 8:30 AM - 11:30 AM",42/45,Harper Center,C05
Autumn 2024,Entrepreneurship through Acquisition,34302,1,Full-Time MBA,Keith Burns and Michael Curry,"Tuesday, 1:30 PM - 4:30 PM",64/65,Harper Center,C01
Winter 2025,Entrepreneurship through Acquisition,34302,1,Full-Time MBA,Mark Agnew and Brian O'Connor,"Tuesday, 1:30 PM - 4:30 PM",65/65,Harper Center,C25
Winter 2025,Lab to Launch,34709,1,Full-Time MBA,Jason Blumberg and Keith Crandell,"Friday, 8:30 AM - 11:30 AM",34/34,Harper Center,C08
Winter 2025,Asset Pricing II,34902,50,PhD,Ralph Koijen and Stefan Nagel,"Wednesday, 8:30 AM - 9:50 AM Friday, 8:30 AM - 9:50 AM",12/20,Harper Center,3A
Winter 2025,Corporate Finance II,34904,50,PhD,Amir Sufi,"Tuesday, 10:10 AM - 11:30 AM Thursday, 10:10 AM - 11:30 AM",6/22,Harper Center,3SW
Autumn 2024,Behavioral and Institutional Finance,35215,1,Full-Time MBA,Robert Vishny,"Thursday, 1:30 PM - 4:30 PM",64/65,Harper Center,C01
Winter 2025,Research Seminar,35931,50,PhD,Stefan Nagel and Pascal Noel and Anthony Zhang,"Tuesday, 8:30 AM - 11:30 AM",3/20,Harper Center,3A
Winter 2025,Research Seminar,35931,1,PhD,Joseph Vavra,"Wednesday, 10:30 AM - 11:50 AM",9/65,,
Winter 2025,Convex Optimization,36903,1,PhD,Staff Staff,"Monday, 1:30 PM - 2:50 PM Wednesday, 1:30 PM - 2:50 PM",42/60,,
Spring 2025,New Products and Services,37200,85,Weekend MBA,Craig Terrill,"Saturday, 1:30 PM - 4:30 PM",55/55,,
Winter 2025,Advanced Quantitative Marketing,37904,50,PhD,Jean-Pierre Dubé and Guenter Hitsch,"Monday, 1:30 PM - 4:30 PM",4/12,Harper Center,C50A
Winter 2025,Applied Bayesian Econometrics,37906,50,PhD,Sanjog Misra,"Thursday, 1:30 PM - 4:30 PM",4/20,Harper Center,3A
Autumn 2024,Persuasion: Effective Business Communication,38101,81,Evening MBA,Hal Weitzman,"Tuesday, 6:00 PM - 9:00 PM",23/36,Booth 455,132
Winter 2025,Persuasion: Effective Business Communication,38101,81,Evening MBA,Hal Weitzman,"Wednesday, 6:00 PM - 9:00 PM",30/36,Gleacher Center,308
Winter 2025,Designing a Good Life,38119,1,Full-Time MBA,Nicholas Epley,"Wednesday, 8:30 AM - 11:30 AM",65/65,Harper Center,C10
Winter 2025,Designing a Good Life,38119,81,Evening MBA,Nicholas Epley,"Tuesday, 6:00 PM - 9:00 PM",65/65,Gleacher Center,400
Winter 2025,The Study of Behavioral Economics,38120,1,Full-Time MBA,Devin Pope,"Monday, 1:30 PM - 4:30 PM",70/70,Harper Center,C10
Winter 2025,The Study of Behavioral Economics,38120,2,Full-Time MBA,Devin Pope,"Wednesday, 8:30 AM - 11:30 AM",70/70,Harper Center,C02
Autumn 2024,Technology Strategy,39101,81,Evening MBA,Marc Knez,"Monday, 6:00 PM - 9:00 PM",42/65,Gleacher Center,208
Spring 2025,Technology Strategy,39101,1,Full-Time MBA,Marc Knez,"Friday, 1:30 PM - 4:30 PM",48/65,Harper Center,C03
Spring 2025,Technology Strategy,39101,85,Weekend MBA,Marc Knez,"Saturday, 9:00 AM - 12:00 PM",25/65,Gleacher Center,208
Autumn 2024,Supply Chain Strategy and Practice,40101,1,Full-Time MBA,Nicole DeHoratius,"Monday, 1:30 PM - 4:30 PM",62/65,Harper Center,C06
Autumn 2024,Supply Chain Strategy and Practice,40101,81,Evening MBA,Nicole DeHoratius,"Monday, 6:00 PM - 9:00 PM",56/65,Gleacher Center,306
Winter 2025,Supply Chain Strategy and Practice,40101,1,Full-Time MBA,Levi DeValve,"Tuesday, 8:30 AM - 11:30 AM",65/65,Harper Center,C09
Winter 2025,Statistical Inference,41902,50,PhD,Dacheng Xiu,"Monday, 6:30 PM - 9:30 PM",43/65,Harper Center,C08
Winter 2025,Corporate Governance,42108,81,Evening MBA,Dennis Chookaszian,"Friday, 6:00 PM - 9:00 PM",64/65,Gleacher Center,200
Winter 2025,Corporate Governance,42108,1,Full-Time MBA,Dennis Chookaszian,"Friday, 1:30 PM - 4:30 PM",48/65,Harper Center,C08
Autumn 2024,Merger & Acquisition Strategy,42121,81,Evening MBA,Stephen Morrissette,"Wednesday, 6:00 PM - 9:00 PM",67/70,Gleacher Center,300
Winter 2025,Merger & Acquisition Strategy,42121,81,Evening MBA,Stephen Morrissette,"Wednesday, 6:00 PM - 9:00 PM",68/70,Gleacher Center,200
Autumn 2024,Social Sector Strategy and Structure,42125,81,Evening MBA,Christina Hachikian,"Monday, 6:00 PM - 9:00 PM",35/65,Gleacher Center,304
Autumn 2024,Taxes and Business Strategy,30118,1,Full-Time MBA,Merle Erickson,"Thursday, 1:30 PM - 4:30 PM",53/65,Harper Center,C09
Winter 2025,Taxes and Business Strategy,30118,1,Full-Time MBA,Ira Weiss,"Tuesday, 1:30 PM - 4:30 PM",70/70,Harper Center,C04
Winter 2025,Taxes and Business Strategy,30118,81,Evening MBA,Ira Weiss,"Tuesday, 6:00 PM - 9:00 PM",66/70,Gleacher Center,406
Spring 2025,Taxes and Business Strategy,30118,1,Full-Time MBA,Anthony Welsch,"Wednesday, 1:30 PM - 4:30 PM",65/65,Harper Center,C08
Autumn 2024,Accounting for Entrepreneurship:  From Start-Up through IPO,30121,1,Full-Time MBA,Ira Weiss,"Tuesday, 1:30 PM - 4:30 PM",55/65,Harper Center,C09
Autumn 2024,Accounting for Entrepreneurship:  From Start-Up through IPO,30121,2,Full-Time MBA,Ira Weiss,"Wednesday, 8:30 AM - 11:30 AM",60/65,Harper Center,C09
Autumn 2024,Accounting for Entrepreneurship:  From Start-Up through IPO,30121,81,Evening MBA,Ira Weiss,"Tuesday, 6:00 PM - 9:00 PM",52/65,Gleacher Center,408
Autumn 2024,Accounting for Entrepreneurship:  From Start-Up through IPO,30121,85,Weekend MBA,Ira Weiss,"Saturday, 1:30 PM - 4:30 PM",28/65,Gleacher Center,408
Spring 2025,Accounting for Entrepreneurship:  From Start-Up through IPO,30121,2,Full-Time MBA,Philip Berger,"Wednesday, 5:00 PM - 8:00 PM",31/65,Harper Center,C06
Spring 2025,Accounting for Entrepreneurship:  From Start-Up through IPO,30121,1,Full-Time MBA,Philip Berger,"Wednesday, 1:30 PM - 4:30 PM",65/65,Harper Center,C06
Autumn 2024,Financial Statement Analysis,30130,81,Evening MBA,Michael Minnis,"Wednesday, 6:00 PM - 9:00 PM",69/70,Gleacher Center,304
Autumn 2024,Financial Statement Analysis,30130,1,Full-Time MBA,Michael Minnis,"Wednesday, 1:30 PM - 4:30 PM",70/70,Harper Center,C09
Winter 2025,Financial Statement Analysis,30130,81,Evening MBA,Abbie Smith,"Tuesday, 6:00 PM - 9:00 PM",70/70,Gleacher Center,306
Winter 2025,Financial Statement Analysis,30130,1,Full-Time MBA,Abbie Smith,"Monday, 5:00 PM - 8:00 PM",69/70,Harper Center,C06
Spring 2025,Financial Statement Analysis,30130,1,Full-Time MBA,John Hand,"Friday, 8:30 AM - 11:30 AM",64/65,Harper Center,C08
Autumn 2024,Workshop in Accounting Research,30600,60,Workshop (course type),Charles McClure and Amoray Riggs-Cragun,"Thursday, 1:20 PM - 2:50 PM",10/30,Harper Center,C06
Winter 2025,Workshop in Accounting Research,30600,60,Workshop (course type),Charles McClure and Amoray Riggs-Cragun,"Thursday, 1:20 PM - 2:50 PM",8/30,Harper Center,C06
Spring 2025,Workshop in Accounting Research,30600,60,Workshop (course type),Charles McClure and Amoray Riggs-Cragun,"Thursday, 1:20 PM - 2:50 PM",6/30,Harper Center,C06
Autumn 2024,Interpersonal Dynamics,31401,2,Full-Time MBA,Darryl Pure,"Tuesday, 1:30 PM - 4:30 PM",12/12,Harper Center,225
Autumn 2024,Interpersonal Dynamics,31401,3,Full-Time MBA,Britt Raphling,"Wednesday, 2:00 PM - 5:00 PM",12/12,Booth 455,140
Autumn 2024,Interpersonal Dynamics,31401,82,Evening MBA,Hugh Cole,"Tuesday, 6:00 PM - 9:00 PM",12/12,Gleacher Center,422
Autumn 2024,Interpersonal Dynamics,31401,4,Full-Time MBA,Christine Carpenter,"Wednesday, 8:30 AM - 11:30 AM",12/12,Harper Center,225
Autumn 2024,Interpersonal Dynamics,31401,81,Evening MBA,Britt Raphling,"Thursday, 6:00 PM - 9:00 PM",10/13,,
Autumn 2024,Interpersonal Dynamics,31401,1,Full-Time MBA,Darryl Pure,"Tuesday, 8:30 AM - 11:30 AM",12/12,Harper Center,225
Autumn 2024,Interpersonal Dynamics,31401,5,Full-Time MBA,Christine Carpenter,"Wednesday, 1:30 PM - 4:30 PM",12/12,Harper Center,225
Autumn 2024,Interpersonal Dynamics,31401,6,Full-Time MBA,Lisa Stefanac,"Monday, 1:30 PM - 4:30 PM",12/12,Harper Center,225
Winter 2025,Interpersonal Dynamics,31401,5,Full-Time MBA,Christine Carpenter,"Wednesday, 1:30 PM - 4:30 PM",12/12,Harper Center,225
Winter 2025,Interpersonal Dynamics,31401,82,Evening MBA,Hugh Cole,"Tuesday, 6:00 PM - 9:00 PM",12/12,Gleacher Center,422
Winter 2025,Interpersonal Dynamics,31401,1,Full-Time MBA,Darryl Pure,"Tuesday, 8:30 AM - 11:30 AM",11/12,Harper Center,225
Winter 2025,Interpersonal Dynamics,31401,81,Evening MBA,Britt Raphling,"Thursday, 6:00 PM - 9:00 PM",10/12,,
Winter 2025,Interpersonal Dynamics,31401,4,Full-Time MBA,Christine Carpenter,"Wednesday, 8:30 AM - 11:30 AM",12/12,Harper Center,225
Winter 2025,Interpersonal Dynamics,31401,3,Full-Time MBA,Britt Raphling,"Wednesday, 2:00 PM - 5:00 PM",11/12,Booth 455,140
Winter 2025,Interpersonal Dynamics,31401,2,Full-Time MBA,Darryl Pure,"Tuesday, 1:30 PM - 4:30 PM",12/12,Harper Center,225
Winter 2025,Interpersonal Dynamics,31401,6,Full-Time MBA,Lisa Stefanac,"Monday, 1:30 PM - 4:30 PM",12/12,Harper Center,225
Winter 2025,Interpersonal Dynamics,31401,83,Evening MBA,Lisa Stefanac,"Monday, 6:00 PM - 9:00 PM",12/12,Gleacher Center,422
Winter 2025,Interpersonal Dynamics,31401,84,Evening MBA,Richard Volden,"Wednesday, 6:00 PM - 9:00 PM",12/12,Gleacher Center,422
Spring 2025,Interpersonal Dynamics,31401,2,Full-Time MBA,Darryl Pure,"Tuesday, 1:30 PM - 4:30 PM",12/12,Harper Center,225
Spring 2025,Interpersonal Dynamics,31401,3,Full-Time MBA,Britt Raphling,"Wednesday, 2:00 PM - 5:00 PM",12/12,Booth 455,140
Spring 2025,Interpersonal Dynamics,31401,82,Evening MBA,Hugh Cole,"Tuesday, 6:00 PM - 9:00 PM",12/12,Gleacher Center,422
Spring 2025,Interpersonal Dynamics,31401,4,Full-Time MBA,Christine Carpenter,"Wednesday, 8:30 AM - 11:30 AM",11/12,Harper Center,225
Spring 2025,Interpersonal Dynamics,31401,81,Evening MBA,Britt Raphling,"Thursday, 6:00 PM - 9:00 PM",13/13,,
Spring 2025,Interpersonal Dynamics,31401,1,Full-Time MBA,Darryl Pure,"Tuesday, 8:30 AM - 11:30 AM",12/12,Harper Center,225
Spring 2025,Interpersonal Dynamics,31401,83,Evening MBA,Lisa Stefanac,"Monday, 6:00 PM - 9:00 PM",12/12,Gleacher Center,422
Spring 2025,Interpersonal Dynamics,31401,5,Full-Time MBA,Christine Carpenter,"Wednesday, 1:30 PM - 4:30 PM",12/12,Harper Center,225
Spring 2025,Interpersonal Dynamics,31401,6,Full-Time MBA,Lisa Stefanac,"Monday, 1:30 PM - 4:30 PM",12/12,Harper Center,225
Spring 2025,Interpersonal Dynamics,31401,7,Full-Time MBA,Swati Bharteey-Buck,"Thursday, 2:00 PM - 5:00 PM",12/12,Booth 455,140
Autumn 2024,Leadership Practicum,31402,1,Full-Time MBA,Chris Collins,"Wednesday, 8:30 AM - 11:30 AM",24/40,Harper Center,C02
Autumn 2024,Leadership Studio,31403,85,Weekend MBA,Harry Davis and Nancy Tennant,"Saturday, 9:00 AM - 12:00 PM",30/30,Booth 455,132
Winter 2025,Leadership Studio,31403,1,Full-Time MBA,Harry Davis and Nancy Tennant,"Thursday, 1:30 PM - 4:30 PM",26/30,Harper Center,219
Spring 2025,Leadership Studio,31403,1,Full-Time MBA,Harry Davis and Nancy Tennant,"Wednesday, 1:30 PM - 4:30 PM",30/30,Harper Center,219
Spring 2025,Leadership Studio,31403,81,Evening MBA,Harry Davis and Nancy Tennant,"Tuesday, 6:00 PM - 9:00 PM",23/30,Booth 455,132
Spring 2025,Leadership Effectiveness and Development (LEAD) Lab,31702,1,Full-Time MBA,Robert Vishny,"Friday, 12:00 PM - 4:30 PM",35/40,Harper Center,C10
Autumn 2024,Accelerated Microeconomics,33002,1,Full-Time MBA,Jack Mountjoy,"Monday, 8:30 AM - 11:30 AM",22/65,Harper Center,C01
Autumn 2024,Accelerated Microeconomics,33002,2,Full-Time MBA,Jack Mountjoy,"Monday, 1:30 PM - 4:30 PM",57/65,Harper Center,C01
Autumn 2024,Accelerated Microeconomics,33002,81,Evening MBA,Jack Mountjoy,"Monday, 6:00 PM - 9:00 PM",18/65,Gleacher Center,308
Spring 2025,The Firm and the Non-Market Environment,33305,1,Full-Time MBA,Marianne Bertrand,"Thursday, 8:30 AM - 11:30 AM",70/70,Harper Center,C10
Spring 2025,The Firm and the Non-Market Environment,33305,2,Full-Time MBA,Marianne Bertrand,"Thursday, 1:30 PM - 4:30 PM",70/70,Harper Center,C10
Spring 2025,Real Estate Investments II,33451,81,Evening MBA,Joseph Pagliari,"Thursday, 6:00 PM - 9:00 PM",14/65,Gleacher Center,308
Winter 2025,"Business, Politics, and Ethics",33471,1,Full-Time MBA,Brian Barry,"Tuesday, 8:30 AM - 11:30 AM",42/42,Harper Center,C07
Winter 2025,"Business, Politics, and Ethics",33471,2,Full-Time MBA,Brian Barry,"Tuesday, 1:30 PM - 4:30 PM",42/42,Harper Center,C07
Winter 2025,International Financial Policy,33502,1,Full-Time MBA,Rohan Kekre,"Thursday, 1:30 PM - 4:30 PM",60/65,Harper Center,C02
Winter 2025,International Financial Policy,33502,81,Evening MBA,Rohan Kekre,"Wednesday, 6:00 PM - 9:00 PM",53/65,Gleacher Center,408
Autumn 2024,Applied Economics Workshop,33610,60,Workshop (course type),Canice Prendergast and Thomas Wollmann,"Wednesday, 1:20 PM - 2:50 PM",14/30,Harper Center,3B
Winter 2025,Applied Economics Workshop,33610,60,Workshop (course type),Marianne Bertrand and Emir Kamenica,"Wednesday, 1:20 PM - 2:50 PM",16/30,Harper Center,3B
Spring 2025,Applied Economics Workshop,33610,60,Workshop (course type),Eric Budish and Jack Mountjoy,"Wednesday, 1:20 PM - 2:50 PM",7/32,Harper Center,3B
Autumn 2024,Workshop in Macro and International Economics,33650,60,Workshop (course type),Kilian Huber,"Monday, 12:00 PM - 1:15 PM",5/30,Harper Center,C10
Winter 2025,Workshop in Macro and International Economics,33650,60,Workshop (course type),Guido Lorenzoni and Joseph Vavra,"Monday, 12:00 PM - 1:15 PM",5/30,Harper Center,C10
Spring 2025,Workshop in Macro and International Economics,33650,60,Workshop (course type),Rodrigo Adao,"Monday, 12:00 PM - 1:15 PM",1/30,Harper Center,C10
Spring 2025,Microeconomics Reading and Research Seminar,33905,50,PhD,Eric Budish and Matthew Notowidigdo and Eric Zwick,"Wednesday, 4:30 PM - 6:00 PM",4/20,Harper Center,3SW
Spring 2025,Special Topics in Entrepreneurship: Developing a New Venture (New Venture Challenge),34104,1,Full-Time MBA,Steven Kaplan,"Monday, 1:30 PM - 4:30 PM",27/65,Harper Center,C08
Spring 2025,Special Topics in Entrepreneurship: Developing a New Venture (New Venture Challenge),34104,81,Evening MBA,Mark Tebbe,"Monday, 6:00 PM - 9:00 PM",17/65,Gleacher Center,200
Autumn 2024,Commercializing Innovation: Tools to Research and Analyze Private Enterprises,34106,81,Evening MBA,Scott Meadow,"Wednesday, 6:00 PM - 9:00 PM",53/55,Gleacher Center,308
Autumn 2024,Commercializing Innovation: Tools to Research and Analyze Private Enterprises,34106,1,Full-Time MBA,Scott Meadow,"Thursday, 1:30 PM - 4:30 PM",55/55,Harper Center,C25
Spring 2025,Commercializing Innovation: Tools to Research and Analyze Private Enterprises,34106,85,Weekend MBA,Scott Meadow,"Saturday, 9:00 AM - 12:00 PM",44/55,Gleacher Center,404
Spring 2025,Commercializing Innovation: Tools to Research and Analyze Private Enterprises,34106,1,Full-Time MBA,Scott Meadow,"Friday, 8:30 AM - 11:30 AM",53/55,Harper Center,C09
Autumn 2024,Entrepreneurial Selling,34111,85,Weekend MBA,Michael Alter,"Saturday, 9:00 AM - 12:00 PM",52/65,Gleacher Center,408
Autumn 2024,Entrepreneurial Selling,34111,1,Full-Time MBA,Michael Alter,"Monday, 1:30 PM - 4:30 PM",56/65,Harper Center,C02
Spring 2025,Entrepreneurial Selling,34111,1,Full-Time MBA,Michael Alter,"Tuesday, 1:30 PM - 4:30 PM",70/70,Harper Center,C02
Spring 2025,Entrepreneurial Selling,34111,81,Evening MBA,Michael Alter,"Tuesday, 6:00 PM - 9:00 PM",35/65,Gleacher Center,206
Summer 2025,Entrepreneurial Selling,34111,81,Evening MBA,Michael Alter,"Monday, 6:00 PM - 9:00 PM",0/65,Gleacher Center,304
Spring 2025,New Social Ventures,34115,81,Evening MBA,Robert Gertner,"Tuesday, 6:00 PM - 9:00 PM",21/36,Booth 455,130
Spring 2025,New Social Ventures,34115,1,Full-Time MBA,Robert Gertner,"Tuesday, 2:00 PM - 5:00 PM",18/36,Booth 455,130
Winter 2025,"Women As CEOs, Entrepreneurs, Investors, Executives & Directors",34206,1,Full-Time MBA,Alyssa Rapp,"Wednesday, 1:30 PM - 4:30 PM",61/65,Harper Center,C09
Winter 2025,Private Equity/Venture Capital Lab,34702,82,Evening MBA,Jason Heltzer,"Monday, 6:00 PM - 9:00 PM",52/65,Gleacher Center,404
Winter 2025,Private Equity/Venture Capital Lab,34702,81,Evening MBA,Christopher McGowan,"Monday, 6:00 PM - 9:00 PM",46/65,Gleacher Center,400
Spring 2025,Private Equity/Venture Capital Lab,34702,82,Evening MBA,Jason Heltzer,"Monday, 6:00 PM - 9:00 PM",20/65,Gleacher Center,404
Spring 2025,Private Equity/Venture Capital Lab,34702,81,Evening MBA,Christopher McGowan,"Monday, 6:00 PM - 9:00 PM",26/65,Gleacher Center,400
Spring 2025,Portfolio Management,35120,1,Full-Time MBA,Lubos Pastor,"Monday, 8:30 AM - 11:30 AM",31/65,Harper Center,C01
Spring 2025,Portfolio Management,35120,2,Full-Time MBA,Lubos Pastor,"Monday, 1:30 PM - 4:30 PM",62/65,Harper Center,C01
Autumn 2024,Seminar:  Finance,35600,60,Workshop (course type),Scott Nelson and Julia Selgrad,"Tuesday, 1:20 PM - 2:50 PM",10/30,Harper Center,C03
Winter 2025,Seminar:  Finance,35600,60,Workshop (course type),Ralph Koijen and Amir Sufi,"Tuesday, 1:20 PM - 2:50 PM",7/30,Harper Center,C03
Spring 2025,Seminar:  Finance,35600,60,Workshop (course type),Taisiya Sikorskaya and Quentin Vandeweyer,"Tuesday, 1:20 PM - 2:50 PM",1/30,Harper Center,C03
Autumn 2024,Applied Theory Workshop,35601,60,Workshop (course type),Staff Staff,"Tuesday, 3:30 PM - 5:00 PM",2/30,,
Spring 2025,Applied Theory Workshop,35601,60,Workshop (course type),Staff Staff,"Tuesday, 3:30 PM - 5:00 PM",0/30,,
Spring 2025,Research Projects: Finance,35908,50,PhD,Eugene Fama,"Wednesday, 1:30 PM - 5:00 PM",3/18,,
Winter 2025,New Developments in Public Finance,35916,50,PhD,Peter Ganong and Pascal Noel and Eric Zwick,"Monday, 1:30 PM - 4:30 PM",13/20,Harper Center,3A
Spring 2025,Research Seminar,35932,50,PhD,Stefan Nagel and Pascal Noel and Anthony Zhang,"Tuesday, 8:30 AM - 11:30 AM",0/20,Harper Center,3A
Spring 2025,Research Seminar,35932,1,PhD,Joseph Vavra,"Wednesday, 10:30 AM - 11:50 AM",0/65,,
Autumn 2024,Managerial Decision Modeling,36106,1,Full-Time MBA,Varun Gupta,"Thursday, 8:30 AM - 11:30 AM",25/45,Harper Center,C02
Autumn 2024,Managerial Decision Modeling,36106,2,Full-Time MBA,Varun Gupta,"Thursday, 1:30 PM - 4:30 PM",39/45,Harper Center,C02
Winter 2025,Managerial Decision Modeling,36106,81,Evening MBA,Burhaneddin Sandikci,"Monday, 6:00 PM - 9:00 PM",31/45,Gleacher Center,208
Winter 2025,Managerial Decision Modeling,36106,1,Full-Time MBA,Burhaneddin Sandikci,"Monday, 8:30 AM - 11:30 AM",21/45,Harper Center,C05
Spring 2025,Managerial Decision Modeling,36106,1,Full-Time MBA,Philipp Afèche,"Monday, 8:30 AM - 11:30 AM",14/45,Harper Center,C05
Spring 2025,Managerial Decision Modeling,36106,2,Full-Time MBA,Philipp Afèche,"Monday, 1:30 PM - 4:30 PM",31/45,Harper Center,C05
Spring 2025,Advanced Decision Models with Python,36109,1,Full-Time MBA,Donald Eisenstein,"Tuesday, 1:30 PM - 4:30 PM",30/30,Harper Center,C05
Spring 2025,Advanced Decision Models with Python,36109,81,Evening MBA,Donald Eisenstein,"Thursday, 6:00 PM - 9:00 PM",30/30,Gleacher Center,408
Spring 2025,Advanced Decision Models with Python,36109,2,Full-Time MBA,Donald Eisenstein,"Wednesday, 1:30 PM - 4:30 PM",24/30,Harper Center,C05
Autumn 2024,Workshop in Operations/Management Science,36600,60,Workshop (course type),Levi DeValve and X.Y. Han,"Tuesday, 12:10 PM - 1:10 PM",9/30,Harper Center,C10
Winter 2025,Workshop in Operations/Management Science,36600,60,Workshop (course type),Amy Ward,"Tuesday, 12:10 PM - 1:10 PM",9/30,Harper Center,C10
Spring 2025,Workshop in Operations/Management Science,36600,60,Workshop (course type),Levi DeValve and X.Y. Han,"Tuesday, 12:10 PM - 1:10 PM",1/30,Harper Center,C10
Winter 2025,Consumer Behavior,37101,1,Full-Time MBA,Daniel Bartels,"Monday, 10:10 AM - 11:30 AM Wednesday, 10:10 AM - 11:30 AM",55/65,Harper Center,C01
Winter 2025,Consumer Behavior,37101,2,Full-Time MBA,Daniel Bartels,"Monday, 1:30 PM - 2:50 PM Wednesday, 1:30 PM - 2:50 PM",52/65,Harper Center,C01
Spring 2025,Consumer Behavior,37101,1,Full-Time MBA,Kristin Donnelly,"Thursday, 1:30 PM - 4:30 PM",69/70,Harper Center,C08
Spring 2025,Pricing Strategies,37202,1,Full-Time MBA,Jean-Pierre Dubé,"Wednesday, 1:30 PM - 4:30 PM",65/65,Harper Center,C04
Autumn 2024,Marketing Workshop,37601,60,Workshop (course type),Bradley Shapiro and Abigail Sussman,"Tuesday, 10:40 AM - 12:00 PM",11/30,Harper Center,C03
Winter 2025,Marketing Workshop,37601,60,Workshop (course type),Beidi Hu and Malika Korganbekova and Avner Strulov-Shlain,"Tuesday, 10:40 AM - 12:00 PM",8/30,Harper Center,C03
Spring 2025,Marketing Workshop,37601,60,Workshop (course type),Beidi Hu and Malika Korganbekova and Avner Strulov-Shlain,"Tuesday, 10:40 AM - 12:00 PM",5/30,Harper Center,C03
Autumn 2024,Managing in Organizations,38001,1,Full-Time MBA,Ann McGill,"Monday, 1:30 PM - 4:30 PM",59/65,Harper Center,C05
Autumn 2024,Managing in Organizations,38001,2,Full-Time MBA,Ann McGill,"Tuesday, 1:30 PM - 4:30 PM",60/65,Harper Center,C05
Spring 2025,Managing in Organizations,38001,1,Full-Time MBA,Ayelet Fishbach,"Tuesday, 8:30 AM - 11:30 AM",55/65,Harper Center,C09
Spring 2025,Managing in Organizations,38001,2,Full-Time MBA,Ayelet Fishbach,"Wednesday, 8:30 AM - 11:30 AM",41/65,Harper Center,C09
Summer 2025,Managing in Organizations,38001,81,Evening MBA,Ed O'Brien,"Friday, 6:00 PM - 9:00 PM",0/65,,
Summer 2025,Managing in Organizations,38001,85,Weekend MBA,Ed O'Brien,"Saturday, 9:00 AM - 12:00 PM",0/65,,
Autumn 2024,Managerial Decision Making,38002,1,Full-Time MBA,Reid Hastie,"Thursday, 8:30 AM - 11:30 AM",27/65,Harper Center,C04
Autumn 2024,Managerial Decision Making,38002,2,Full-Time MBA,Reid Hastie,"Thursday, 1:30 PM - 4:30 PM",33/65,Harper Center,C04
Autumn 2024,Power and Influence in Organizations,38003,81,Evening MBA,A. Nussbaum,"Wednesday, 6:00 PM - 9:00 PM",22/65,Gleacher Center,208
Autumn 2024,Strategies and Processes of Negotiation,38103,81,Evening MBA,Joshua Dean,"Thursday, 6:00 PM - 9:00 PM",53/55,Gleacher Center,304
Winter 2025,Strategies and Processes of Negotiation,38103,2,Full-Time MBA,Joshua Jackson,"Wednesday, 5:00 PM - 8:00 PM",51/55,Harper Center,C07
Winter 2025,Strategies and Processes of Negotiation,38103,1,Full-Time MBA,Joshua Jackson,"Wednesday, 1:30 PM - 4:30 PM",55/55,Harper Center,C07
Winter 2025,Strategies and Processes of Negotiation,38103,3,Full-Time MBA,Alex Koch,"Tuesday, 8:30 AM - 11:30 AM",55/55,Harper Center,C06
Winter 2025,Strategies and Processes of Negotiation,38103,4,Full-Time MBA,Alex Koch,"Tuesday, 1:30 PM - 4:30 PM",55/55,Harper Center,C06
Spring 2025,Strategies and Processes of Negotiation,38103,1,Full-Time MBA,Shereen Chaudhry,"Friday, 8:30 AM - 11:30 AM",32/55,Harper Center,C07
Spring 2025,Strategies and Processes of Negotiation,38103,2,Full-Time MBA,Shereen Chaudhry,"Friday, 1:30 PM - 4:30 PM",27/55,Harper Center,C07
Spring 2025,Strategies and Processes of Negotiation,38103,85,Weekend MBA,Shereen Chaudhry,"Saturday, 1:30 PM - 4:30 PM",31/55,Gleacher Center,406
Spring 2025,Strategies and Processes of Negotiation,38103,3,Full-Time MBA,Elena Zinchenko,"Thursday, 1:30 PM - 4:30 PM",55/55,Harper Center,C01
Spring 2025,Advanced Negotiations,38105,1,Full-Time MBA,George Wu,"Tuesday, 8:30 AM - 11:30 AM",39/40,Harper Center,C06
Spring 2025,Advanced Negotiations,38105,2,Full-Time MBA,George Wu,"Tuesday, 1:30 PM - 4:30 PM",38/40,Harper Center,C06
Spring 2025,Advanced Negotiations,38105,81,Evening MBA,George Wu,"Tuesday, 6:00 PM - 9:00 PM",19/40,Gleacher Center,408
Autumn 2024,Workshop in Behavioral Science,38601,60,Workshop (course type),Joshua Dean and Ayelet Fishbach,"Monday, 10:10 AM - 11:30 AM",13/30,Harper Center,C06
Winter 2025,Workshop in Behavioral Science,38601,60,Workshop (course type),George Wu,"Monday, 10:10 AM - 11:30 AM",9/30,Harper Center,C06
Spring 2025,Workshop in Behavioral Science,38601,60,Workshop (course type),Joshua Jackson and Jane Risen,"Monday, 10:10 AM - 11:30 AM",7/30,Harper Center,C06
Spring 2025,Behavioral Economics - Theory & the Lab,38918,50,PhD,Alex Imas,"Tuesday, 8:30 AM - 11:30 AM",5/22,Harper Center,3SW
Autumn 2024,Applied Regression Analysis,41100,2,Full-Time MBA,Panagiotis Toulis (Panos),"Wednesday, 5:30 PM - 8:30 PM",56/65,Harper Center,C01
Autumn 2024,Applied Regression Analysis,41100,1,Full-Time MBA,Panagiotis Toulis (Panos),"Wednesday, 1:30 PM - 4:30 PM",65/65,Harper Center,C01
Autumn 2024,Econometrics and Statistics Colloquium,41600,60,Workshop (course type),Bryon Aragam and Nabarun Deb,"Thursday, 1:20 PM - 2:30 PM",10/30,Harper Center,3B
Winter 2025,Econometrics and Statistics Colloquium,41600,60,Workshop (course type),Christian Hansen,"Thursday, 1:20 PM - 2:30 PM",11/30,Harper Center,3B
Spring 2025,Econometrics and Statistics Colloquium,41600,60,Workshop (course type),Ekaterina (Katja) Smetanina and Panagiotis Toulis (Panos),"Thursday, 1:20 PM - 2:30 PM",7/30,Harper Center,3B
Spring 2025,Applied Econometrics,41903,50,PhD,Christian Hansen,"Tuesday, 3:00 PM - 4:30 PM Thursday, 3:00 PM - 4:30 PM",10/24,Harper Center,3B
Spring 2025,Storytelling and Narratives in Business,42124,1,Full-Time MBA,Guy Rolnik,"Thursday, 1:30 PM - 4:30 PM",64/65,Harper Center,C25
Spring 2025,Storytelling and Narratives in Business,42124,81,Evening MBA,Guy Rolnik,"Thursday, 6:00 PM - 9:00 PM",63/65,Gleacher Center,206
Spring 2025,Storytelling and Narratives in Business,42124,85,Weekend MBA,Guy Rolnik,"Saturday, 9:00 AM - 12:00 PM",51/65,Gleacher Center,206
Autumn 2024,Financial Accounting,30000,4,Full-Time MBA,Joao Granja,"Friday, 8:30 AM - 11:30 AM",30/65,Harper Center,C10
Autumn 2024,Financial Accounting,30000,81,Evening MBA,Valeri Nikolaev,"Tuesday, 6:00 PM - 9:00 PM",42/65,Gleacher Center,404
Autumn 2024,Financial Accounting,30000,1,Full-Time MBA,Valeri Nikolaev,"Tuesday, 1:30 PM - 4:30 PM",65/65,Harper Center,C02
Autumn 2024,Financial Accounting,30000,3,Full-Time MBA,Joao Granja,"Thursday, 8:30 AM - 11:30 AM",64/65,Harper Center,C10
Autumn 2024,Financial Accounting,30000,5,Full-Time MBA,Joao Granja,"Friday, 1:30 PM - 4:30 PM",41/65,Harper Center,C10
Autumn 2024,Financial Accounting,30000,2,Full-Time MBA,Valeri Nikolaev,"Wednesday, 1:30 PM - 4:30 PM",63/65,Harper Center,C02
Autumn 2024,Financial Accounting,30000,85,Weekend MBA,Wendy Heltzer,"Saturday, 9:00 AM - 12:00 PM",50/65,Gleacher Center,204
Autumn 2024,Financial Accounting,30000,6,Full-Time MBA,Amoray Riggs-Cragun,"Monday, 5:00 PM - 8:00 PM",60/65,Harper Center,C08
Winter 2025,Financial Accounting,30000,2,Full-Time MBA,Rimmy Tomy,"Wednesday, 1:30 PM - 4:30 PM",65/65,Harper Center,C06
Winter 2025,Financial Accounting,30000,1,Full-Time MBA,Rimmy Tomy,"Tuesday, 5:00 PM - 8:00 PM",57/65,Harper Center,C06
Winter 2025,Financial Accounting,30000,81,Evening MBA,Rimmy Tomy,"Wednesday, 6:00 PM - 9:00 PM",43/65,Gleacher Center,306
Spring 2025,Financial Accounting,30000,81,Evening MBA,Wendy Heltzer,"Thursday, 6:00 PM - 9:00 PM",38/65,Gleacher Center,200
Spring 2025,Financial Accounting,30000,85,Weekend MBA,Wendy Heltzer,"Saturday, 1:30 PM - 4:30 PM",40/65,Gleacher Center,308
Summer 2025,Financial Accounting,30000,81,Evening MBA,J. Hanna,"Monday, 6:00 PM - 9:00 PM",0/65,Gleacher Center,308
Autumn 2024,Microeconomics,33001,3,Full-Time MBA,Daniel Rappoport,"Thursday, 8:30 AM - 11:30 AM",62/65,Harper Center,C07
Autumn 2024,Microeconomics,33001,85,Weekend MBA,Daniel Rappoport,"Saturday, 1:30 PM - 4:30 PM",16/65,Gleacher Center,304
Autumn 2024,Microeconomics,33001,2,Full-Time MBA,Alexander Frankel,"Monday, 1:30 PM - 4:30 PM",65/65,Harper Center,C03
Autumn 2024,Microeconomics,33001,81,Evening MBA,Alexander Frankel,"Monday, 6:00 PM - 9:00 PM",46/65,Gleacher Center,408
Autumn 2024,Microeconomics,33001,4,Full-Time MBA,Daniel Rappoport,"Thursday, 1:30 PM - 4:30 PM",60/65,Harper Center,C07
Autumn 2024,Microeconomics,33001,5,Full-Time MBA,Michael Gibbs,"Tuesday, 1:30 PM - 4:30 PM",64/65,Harper Center,C04
Autumn 2024,Microeconomics,33001,6,Full-Time MBA,Michael Gibbs,"Wednesday, 1:30 PM - 4:30 PM",64/65,Harper Center,C04
Autumn 2024,Microeconomics,33001,1,Full-Time MBA,Alexander Frankel,"Monday, 8:30 AM - 11:30 AM",65/65,Harper Center,C03
Winter 2025,Microeconomics,33001,1,Full-Time MBA,Rebecca Dizon-Ross,"Thursday, 1:30 PM - 4:30 PM",70/70,Harper Center,C01
Winter 2025,Microeconomics,33001,81,Evening MBA,Rebecca Dizon-Ross,"Thursday, 6:00 PM - 9:00 PM",65/65,Gleacher Center,408
Summer 2025,Microeconomics,33001,85,Weekend MBA,Ram Shivakumar,"Saturday, 1:30 PM - 4:30 PM",0/65,Gleacher Center,408
Summer 2025,Microeconomics,33001,81,Evening MBA,Ram Shivakumar,"Monday, 6:00 PM - 9:00 PM",0/65,Gleacher Center,408
Autumn 2024,Entrepreneurial Finance and Private Equity,34101,1,Full-Time MBA,Steven Kaplan,"Monday, 10:10 AM - 11:30 AM Wednesday, 10:10 AM - 11:30 AM",70/70,Harper Center,C08
Autumn 2024,Entrepreneurial Finance and Private Equity,34101,2,Full-Time MBA,Steven Kaplan,"Monday, 1:30 PM - 2:50 PM Wednesday, 1:30 PM - 2:50 PM",68/70,Harper Center,C08
Autumn 2024,Entrepreneurial Finance and Private Equity,34101,81,Evening MBA,Jim Fasano,"Tuesday, 6:00 PM - 9:00 PM",18/65,Gleacher Center,206
Winter 2025,Entrepreneurial Finance and Private Equity,34101,1,Full-Time MBA,Scott Meadow,"Friday, 8:30 AM - 11:30 AM",69/75,Harper Center,C25
Winter 2025,Entrepreneurial Finance and Private Equity,34101,85,Weekend MBA,Scott Meadow,"Saturday, 9:00 AM - 12:00 PM",71/75,Gleacher Center,200
Summer 2025,Entrepreneurial Finance and Private Equity,34101,81,Evening MBA,Scott Meadow,"Wednesday, 6:00 PM - 9:00 PM",0/65,,
Autumn 2024,New Venture Strategy,34102,1,Full-Time MBA,Gregory Bunch,"Wednesday, 1:30 PM - 4:30 PM",50/65,Harper Center,C06
Winter 2025,New Venture Strategy,34102,85,Weekend MBA,James Schrager,"Saturday, 1:30 PM - 4:30 PM",40/65,,
Winter 2025,New Venture Strategy,34102,1,Full-Time MBA,Gregory Bunch,"Tuesday, 1:30 PM - 4:30 PM",47/65,Harper Center,C05
Spring 2025,New Venture Strategy,34102,1,Full-Time MBA,Gregory Bunch,"Wednesday, 1:30 PM - 4:30 PM",48/65,Harper Center,C01
Summer 2025,New Venture Strategy,34102,81,Evening MBA,James Schrager,"Thursday, 6:00 PM - 9:00 PM",0/65,,
Autumn 2024,Investments,35000,1,Full-Time MBA,Anthony Zhang,"Thursday, 8:30 AM - 11:30 AM",47/65,Harper Center,C05
Autumn 2024,Investments,35000,81,Evening MBA,Bruce Carlin,"Monday, 6:00 PM - 9:00 PM",64/65,Gleacher Center,206
Autumn 2024,Investments,35000,2,Full-Time MBA,Anthony Zhang,"Thursday, 1:30 PM - 4:30 PM",48/65,Harper Center,C05
Winter 2025,Investments,35000,1,Full-Time MBA,Michael Weber,"Tuesday, 8:30 AM - 11:30 AM",70/70,Harper Center,C02
Winter 2025,Investments,35000,2,Full-Time MBA,Michael Weber,"Tuesday, 1:30 PM - 4:30 PM",70/70,Harper Center,C02
Spring 2025,Investments,35000,1,Full-Time MBA,Niels Gormsen,"Monday, 8:30 AM - 11:30 AM",59/65,Harper Center,C04
Spring 2025,Investments,35000,2,Full-Time MBA,Niels Gormsen,"Monday, 1:30 PM - 4:30 PM",64/65,Harper Center,C04
Autumn 2024,Corporation Finance,35200,1,Full-Time MBA,Andres Sarto,"Monday, 8:30 AM - 11:30 AM",30/65,Harper Center,C07
Autumn 2024,Corporation Finance,35200,81,Evening MBA,Andres Sarto,"Monday, 6:00 PM - 9:00 PM",45/65,,
Autumn 2024,Corporation Finance,35200,2,Full-Time MBA,Andres Sarto,"Tuesday, 8:30 AM - 11:30 AM",64/65,Harper Center,C07
Winter 2025,Corporation Finance,35200,85,Weekend MBA,Anil Kashyap,"Saturday, 1:30 PM - 4:30 PM",20/65,Gleacher Center,206
Spring 2025,Corporation Finance,35200,1,Full-Time MBA,Pascal Noel,"Wednesday, 8:30 AM - 11:30 AM",65/65,Harper Center,C03
Spring 2025,Corporation Finance,35200,2,Full-Time MBA,Pascal Noel,"Wednesday, 1:30 PM - 4:30 PM",62/65,Harper Center,C03
Summer 2025,Corporation Finance,35200,81,Evening MBA,Theo Vermaelen,"Wednesday, 6:00 PM - 9:00 PM",0/65,Gleacher Center,404
Autumn 2024,Cases in Financial Management,35201,1,Full-Time MBA,Laura Born,"Tuesday, 8:30 AM - 11:30 AM",65/65,Harper Center,C09
Autumn 2024,Cases in Financial Management,35201,81,Evening MBA,Laura Born,"Tuesday, 6:00 PM - 9:00 PM",61/65,Gleacher Center,304
Spring 2025,Cases in Financial Management,35201,1,Full-Time MBA,Laura Born,"Tuesday, 8:30 AM - 11:30 AM",65/65,Harper Center,C04
Autumn 2024,Application Development,36110,1,Full-Time MBA,Raghu Betina,"Wednesday, 5:00 PM - 8:00 PM",23/30,Harper Center,C04
Autumn 2024,Application Development,36110,85,Weekend MBA,Raghu Betina,"Saturday, 9:00 AM - 12:00 PM",19/30,Gleacher Center,206
Spring 2025,Application Development,36110,81,Evening MBA,Raghu Betina,"Tuesday, 6:00 PM - 9:00 PM",12/30,Gleacher Center,304
Autumn 2024,Marketing Strategy,37000,3,Full-Time MBA,Avner Strulov-Shlain,"Thursday, 1:30 PM - 4:30 PM",42/65,Harper Center,C03
Autumn 2024,Marketing Strategy,37000,1,Full-Time MBA,Avner Strulov-Shlain,"Wednesday, 1:30 PM - 4:30 PM",56/65,Harper Center,C03
Autumn 2024,Marketing Strategy,37000,2,Full-Time MBA,Avner Strulov-Shlain,"Thursday, 8:30 AM - 11:30 AM",32/65,Harper Center,C03
Autumn 2024,Marketing Strategy,37000,4,Full-Time MBA,Andreas Kraft,"Wednesday, 8:30 AM - 11:30 AM",61/65,Harper Center,C03
Autumn 2024,Marketing Strategy,37000,81,Evening MBA,Andreas Kraft,"Wednesday, 6:00 PM - 9:00 PM",16/65,Gleacher Center,206
Winter 2025,Marketing Strategy,37000,2,Full-Time MBA,Beidi Hu,"Wednesday, 1:30 PM - 4:30 PM",56/65,Harper Center,C04
Winter 2025,Marketing Strategy,37000,1,Full-Time MBA,Beidi Hu,"Wednesday, 8:30 AM - 11:30 AM",50/65,Harper Center,C04
Spring 2025,Marketing Strategy,37000,1,Full-Time MBA,Berkeley Dietvorst,"Wednesday, 8:30 AM - 11:30 AM",44/65,Harper Center,C05
Summer 2025,Marketing Strategy,37000,85,Weekend MBA,Sanjay Dhar,"Saturday, 1:30 PM - 4:30 PM",0/65,Gleacher Center,406
Summer 2025,Marketing Strategy,37000,81,Evening MBA,Sanjay Dhar,"Wednesday, 6:00 PM - 9:00 PM",0/65,Gleacher Center,406
Autumn 2024,Operations Management: Business Process Fundamentals,40000,81,Evening MBA,Rene Caldentey,"Thursday, 6:00 PM - 9:00 PM",40/65,Gleacher Center,404
Autumn 2024,Operations Management: Business Process Fundamentals,40000,1,Full-Time MBA,Rene Caldentey,"Thursday, 8:30 AM - 11:30 AM",50/65,Harper Center,C25
Winter 2025,Operations Management: Business Process Fundamentals,40000,2,Full-Time MBA,Linwei Xin,"Thursday, 1:30 PM - 4:30 PM",60/65,Harper Center,C09
Winter 2025,Operations Management: Business Process Fundamentals,40000,1,Full-Time MBA,Linwei Xin,"Thursday, 8:30 AM - 11:30 AM",59/65,Harper Center,C09
Summer 2025,Operations Management: Business Process Fundamentals,40000,85,Weekend MBA,Sergio Chayet,"Saturday, 1:30 PM - 4:30 PM",0/65,Gleacher Center,404
Summer 2025,Operations Management: Business Process Fundamentals,40000,81,Evening MBA,Sergio Chayet,"Friday, 6:00 PM - 9:00 PM",0/65,Gleacher Center,404
Summer 2025,Project Management,40111,85,Weekend MBA,Sergio Chayet,"Saturday, 9:00 AM - 12:00 PM",0/65,Gleacher Center,404
Autumn 2024,Business Statistics,41000,3,Full-Time MBA,Nicholas Polson,"Wednesday, 8:30 AM - 11:30 AM",63/65,Harper Center,C01
Autumn 2024,Business Statistics,41000,1,Full-Time MBA,Tetsuya Kaji,"Monday, 1:30 PM - 4:30 PM",65/65,Harper Center,C04
Autumn 2024,Business Statistics,41000,2,Full-Time MBA,Tetsuya Kaji,"Monday, 5:00 PM - 8:00 PM",65/65,Harper Center,C04
Autumn 2024,Business Statistics,41000,81,Evening MBA,Bryon Aragam,"Wednesday, 6:00 PM - 9:00 PM",54/65,,
Autumn 2024,Business Statistics,41000,85,Weekend MBA,Nicholas Polson,"Saturday, 9:00 AM - 12:00 PM",16/65,Gleacher Center,306
Winter 2025,Business Statistics,41000,85,Weekend MBA,Nabarun Deb,"Saturday, 1:30 PM - 4:30 PM",24/65,Gleacher Center,304
Winter 2025,Business Statistics,41000,81,Evening MBA,Sid Kankanala,"Tuesday, 6:00 PM - 9:00 PM",60/65,Gleacher Center,408
Winter 2025,Business Statistics,41000,1,Full-Time MBA,Nabarun Deb,"Tuesday, 1:30 PM - 4:30 PM",64/65,Harper Center,C01
Winter 2025,Business Statistics,41000,2,Full-Time MBA,Tengyuan Liang,"Thursday, 8:30 AM - 11:30 AM",47/65,Harper Center,C01
Winter 2025,Business Statistics,41000,3,Full-Time MBA,Sid Kankanala,"Monday, 1:30 PM - 4:30 PM",56/65,Harper Center,C04
Spring 2025,Business Statistics,41000,85,Weekend MBA,Shuangning Li,"Saturday, 9:00 AM - 12:00 PM",17/65,Gleacher Center,406
Spring 2025,Business Statistics,41000,81,Evening MBA,Shuangning Li,"Wednesday, 6:00 PM - 9:00 PM",24/65,Gleacher Center,406
Autumn 2024,Competitive Strategy,42001,1,Full-Time MBA,Thomas Wollmann,"Tuesday, 1:30 PM - 4:30 PM",63/65,Harper Center,C06
Autumn 2024,Competitive Strategy,42001,82,Evening MBA,Thomas Covert,"Wednesday, 6:00 PM - 9:00 PM",17/65,Gleacher Center,406
Autumn 2024,Competitive Strategy,42001,81,Evening MBA,Thomas Wollmann,"Tuesday, 6:00 PM - 9:00 PM",64/65,Gleacher Center,406
Autumn 2024,Competitive Strategy,42001,3,Full-Time MBA,Kathleen Fitzgerald,"Monday, 5:00 PM - 8:00 PM",35/65,Harper Center,C02
Autumn 2024,Competitive Strategy,42001,4,Full-Time MBA,Kathleen Fitzgerald,"Tuesday, 8:30 AM - 11:30 AM",58/65,Harper Center,C02
Autumn 2024,Competitive Strategy,42001,2,Full-Time MBA,Thomas Wollmann,"Wednesday, 8:30 AM - 11:30 AM",64/65,Harper Center,C06
Autumn 2024,Competitive Strategy,42001,85,Weekend MBA,Thomas Covert,"Saturday, 1:30 PM - 4:30 PM",36/65,Gleacher Center,208
Winter 2025,Competitive Strategy,42001,81,Evening MBA,Milena Almagro,"Thursday, 6:00 PM - 9:00 PM",22/65,Gleacher Center,204
Winter 2025,Competitive Strategy,42001,1,Full-Time MBA,Anders Humlum,"Thursday, 8:30 AM - 11:30 AM",56/65,Harper Center,C04
Winter 2025,Competitive Strategy,42001,2,Full-Time MBA,Anders Humlum,"Thursday, 1:30 PM - 4:30 PM",53/65,Harper Center,C04
Spring 2025,Competitive Strategy,42001,81,Evening MBA,Jacob Leshno,"Monday, 6:00 PM - 9:00 PM",46/65,Gleacher Center,206
Spring 2025,Competitive Strategy,42001,1,Full-Time MBA,Jacob Leshno,"Monday, 1:30 PM - 4:30 PM",48/65,Harper Center,C10
Spring 2025,Competitive Strategy,42001,85,Weekend MBA,Ram Shivakumar,"Saturday, 1:30 PM - 4:30 PM",60/65,Gleacher Center,306
Autumn 2024,International Macroeconomics and Trade,33946,50,PhD,Rodrigo Adao,"Wednesday, 8:30 AM - 11:30 AM",16/22,Harper Center,3SW
Spring 2025,Managing the Workplace,33032,1,Full-Time MBA,Canice Prendergast,"Tuesday, 5:00 PM - 8:00 PM",70/70,Harper Center,C02
Winter 2025,Social Impact Lab,42710,1,Full-Time MBA,Todd Connor and Ghian Foreman,"Monday, 1:30 PM - 4:30 PM",23/30,Harper Center,3B
Spring 2025,Health Economics,33350,1,Full-Time MBA,Matthew Notowidigdo,"Monday, 1:30 PM - 4:30 PM",55/65,Harper Center,C09
Spring 2025,Health Economics,33350,81,Evening MBA,Matthew Notowidigdo,"Monday, 6:00 PM - 9:00 PM",26/65,Gleacher Center,408
Spring 2025,Topics in Labor Economics,33918,50,PhD,Anders Humlum and Jack Mountjoy and Matthew Notowidigdo,"Tuesday, 9:00 AM - 12:00 PM",0/22,Harper Center,3B
Spring 2025,Literature and Leadership,42005,81,Evening MBA,Brian Barry,"Tuesday, 6:00 PM - 9:00 PM",62/65,Gleacher Center,208
Winter 2025,Healthcare Business Analytics,40206,1,Full-Time MBA,Dan Adelman,"Thursday, 2:00 PM - 5:00 PM",26/35,Booth 455,132
Winter 2025,Healthcare Business Analytics,40206,81,Evening MBA,Dan Adelman,"Thursday, 6:00 PM - 9:00 PM",15/35,Booth 455,132
Winter 2025,Strategy Simulation: Creating Value in Complex and Ambiguous Settings,42715,1,Full-Time MBA,Kathleen Fitzgerald,"Wednesday, 8:30 AM - 11:30 AM",55/54,Harper Center,C05
Spring 2025,Perspectives on Capitalism,33250,1,Full-Time MBA,Robert Gertner,"Wednesday, 5:00 PM - 6:30 PM",114/120,Harper Center,C25
Autumn 2024,Workshop: Money and Banking,33630,60,Workshop (course type),Staff Staff,"Wednesday, 3:30 PM - 5:00 PM",7/30,,
Winter 2025,Workshop: Money and Banking,33630,60,Workshop (course type),Staff Staff,"Wednesday, 3:30 PM - 5:00 PM",5/30,,
Spring 2025,Workshop: Money and Banking,33630,60,Workshop (course type),Staff Staff,"Wednesday, 3:30 PM - 5:00 PM",0/30,,
Autumn 2024,Real Estate and Equity: Leveling the Playing Field,31425,81,Evening MBA,Ernst Valery,"Tuesday, 6:00 PM - 9:00 PM",18/65,Gleacher Center,306
Autumn 2024,Culture (And Why It Matters),38126,2,Full-Time MBA,Thomas Talhelm,"Wednesday, 1:30 PM - 4:30 PM",63/65,Harper Center,C10
Autumn 2024,Outperform & Outlast:  Operating and Investing in Closely Held Businesses,34208,1,Full-Time MBA,Jamie Shah,"Monday, 8:30 AM - 9:50 AM Wednesday, 8:30 AM - 9:50 AM",35/65,Harper Center,C08
Autumn 2024,Entrepreneurship in Healthcare and Life Sciences,34210,1,Full-Time MBA,Brian Coe,"Monday, 5:00 PM - 8:00 PM",46/65,Harper Center,C09
Spring 2025,Art + Business Lab,42726,1,Full-Time MBA,Mary Ittelson,"Thursday, 1:30 PM - 4:30 PM",24/24,Harper Center,219
Spring 2025,Institutional Private Capital Investing,34219,1,Full-Time MBA,Stefan Hepp,"Thursday, 1:30 PM - 4:30 PM",47/65,Harper Center,C07
Spring 2025,Institutional Private Capital Investing,34219,85,Weekend MBA,Stefan Hepp,"Saturday, 1:30 PM - 4:30 PM",36/65,Gleacher Center,204
Autumn 2024,Foundations of Accounting Research,30900,50,PhD,Anna Costello and Michael Minnis and Douglas Skinner,"Tuesday, 8:30 AM - 11:30 AM",4/20,Harper Center,3A
Autumn 2024,Research Seminar in Accounting,30930,50,PhD,Delphine Samuels and Christopher Stewart and Rimmy Tomy,"Thursday, 10:00 AM - 11:30 AM",6/20,Harper Center,3A
Winter 2025,Research Seminar in Accounting,30931,50,PhD,Delphine Samuels and Christopher Stewart and Rimmy Tomy,"Thursday, 10:00 AM - 11:30 AM",5/20,Harper Center,3A
Spring 2025,Research Seminar in Accounting,30932,50,PhD,Delphine Samuels and Christopher Stewart and Rimmy Tomy,"Thursday, 10:00 AM - 11:30 AM",3/20,Harper Center,3A
Winter 2025,Consumer Finance,35207,1,Full-Time MBA,Scott Nelson,"Tuesday, 8:30 AM - 11:30 AM",57/65,Harper Center,C10
Winter 2025,Consumer Finance,35207,2,Full-Time MBA,Scott Nelson,"Thursday, 8:30 AM - 11:30 AM",46/65,Harper Center,C10
Autumn 2024,Macroeconomics and the Business Environment,33050,1,Full-Time MBA,Erik Hurst,"Tuesday, 8:30 AM - 11:30 AM",59/65,Harper Center,C10
Autumn 2024,Macroeconomics and the Business Environment,33050,2,Full-Time MBA,Erik Hurst,"Tuesday, 1:30 PM - 4:30 PM",61/65,Harper Center,C10
Winter 2025,Macroeconomics and the Business Environment,33050,1,Full-Time MBA,Joseph Vavra,"Monday, 8:30 AM - 11:30 AM",35/65,Harper Center,C04
Winter 2025,Macroeconomics and the Business Environment,33050,85,Weekend MBA,Jason Faberman,"Saturday, 1:30 PM - 4:30 PM",12/65,Gleacher Center,406
Spring 2025,Macroeconomics and the Business Environment,33050,1,Full-Time MBA,Veronica Guerrieri,"Thursday, 8:30 AM - 11:30 AM",19/65,Harper Center,C05
Spring 2025,Macroeconomics and the Business Environment,33050,2,Full-Time MBA,Veronica Guerrieri,"Thursday, 1:30 PM - 4:30 PM",35/65,Harper Center,C05
Spring 2025,Deal Structuring and Financial Reporting Implications,30122,1,Full-Time MBA,Haresh Sapra,"Wednesday, 8:30 AM - 11:30 AM",50/65,Harper Center,C04
Autumn 2024,The Economics of Companies,33230,1,Full-Time MBA,Chad Syverson,"Tuesday, 8:30 AM - 11:30 AM",21/65,Harper Center,C01
Autumn 2024,The Economics of Companies,33230,81,Evening MBA,Chad Syverson,"Tuesday, 6:00 PM - 9:00 PM",8/65,Gleacher Center,208
Winter 2025,"Data, Learning, and Algorithms",41918,50,PhD,Tengyuan Liang,"Monday, 1:30 PM - 4:30 PM",6/22,Harper Center,3SW
Spring 2025,Asset Pricing III,34905,50,PhD,George Constantinides and Stefan Nagel,"Monday, 8:30 AM - 11:30 AM",3/20,Harper Center,3A
Spring 2025,"Online Learning, Operations, and Electronic Markets",36922,50,PhD,Rad Niazadeh,"Friday, 9:00 AM - 12:00 PM",2/35,Harper Center,3SW
Spring 2025,Advanced New Venture Strategy Workshop,34220,81,Evening MBA,James Schrager,"Thursday, 6:00 PM - 9:00 PM",34/40,,
Spring 2025,Global Social Entrepreneurship – Lab,42711,1,Full-Time MBA,Andrew Leon Hanna,"Monday, 1:30 PM - 4:30 PM",35/36,Harper Center,C06
Spring 2025,Managing the Workplace,33032,85,Weekend MBA,Canice Prendergast,"Saturday, 9:00 AM - 12:00 PM",27/65,Gleacher Center,306
Spring 2025,New Products and Services,37200,1,Full-Time MBA,Craig Terrill,"Wednesday, 8:30 AM - 11:30 AM",54/55,Harper Center,C01
Autumn 2024,Corporate Governance and Activism - Board and Director Roles in Critical Decisions,35222,1,Full-Time MBA,Carlin Adrianopoli and Stephen Hessler and Robert Schriesheim,"Thursday, 1:30 PM - 4:30 PM",65/65,Harper Center,C10
Winter 2025,Consumer Behavior,37101,85,Weekend MBA,Daniel Bartels,"Saturday, 9:00 AM - 12:00 PM",20/65,Gleacher Center,306
Spring 2025,Consumer Behavior,37101,81,Evening MBA,Kristin Donnelly,"Thursday, 6:00 PM - 9:00 PM",27/65,Gleacher Center,404
Autumn 2024,Data Science for Marketing Decision Making,37105,81,Evening MBA,Giovanni Compiani,"Thursday, 6:00 PM - 9:00 PM",41/65,Gleacher Center,308
Winter 2025,Quantitative Portfolio Management,35126,1,Full-Time MBA,Ralph Koijen,"Tuesday, 8:30 AM - 11:30 AM",69/70,Harper Center,C05
Winter 2025,Quantitative Portfolio Management,35126,81,Evening MBA,Ralph Koijen,"Tuesday, 6:00 PM - 9:00 PM",68/70,Gleacher Center,308
Winter 2025,Health Economics Literature Seminar,33920,50,PhD,Joshua Gottlieb,"Wednesday, 10:10 AM - 11:30 AM",9/20,Harper Center,3A
Winter 2025,Financial Statement Analysis,30130,85,Weekend MBA,Abbie Smith,"Saturday, 1:30 PM - 4:30 PM",55/70,Gleacher Center,306
Autumn 2024,Blockchains and Decentralized Finance,35136,1,Full-Time MBA,Anthony Zhang,"Wednesday, 1:30 PM - 4:30 PM",38/65,Harper Center,C05
Autumn 2024,Taxes and Business Strategy,30118,85,Weekend MBA,Merle Erickson,"Saturday, 9:00 AM - 12:00 PM",42/65,Gleacher Center,304
Winter 2025,Business with Purpose,37212,1,Full-Time MBA,Abigail Sussman,"Wednesday, 1:30 PM - 4:30 PM",61/65,Harper Center,C10
Winter 2025,Business with Purpose,37212,81,Evening MBA,Abigail Sussman,"Wednesday, 6:00 PM - 9:00 PM",35/65,Gleacher Center,404
Winter 2025,The Family Office,35145,1,Full-Time MBA,John Heaton,"Tuesday, 3:00 PM - 6:00 PM",55/65,Harper Center,C03
Winter 2025,Financial Instruments,35100,1,Full-Time MBA,John Heaton,"Monday, 8:30 AM - 11:30 AM",11/65,Harper Center,C09
Winter 2025,Financial Instruments,35100,2,Full-Time MBA,John Heaton,"Monday, 1:30 PM - 4:30 PM",29/65,Harper Center,C09
Spring 2025,Fixed Income Asset Pricing,35130,85,Weekend MBA,John Heaton,"Saturday, 1:30 PM - 4:30 PM",32/65,Gleacher Center,206
Spring 2025,Fixed Income Asset Pricing,35130,1,Full-Time MBA,John Heaton,"Tuesday, 8:30 AM - 11:30 AM",41/65,Harper Center,C10
Spring 2025,"Debt, Distress, and Restructuring",35214,1,Full-Time MBA,Amir Sufi,"Thursday, 1:30 PM - 4:30 PM",64/65,Harper Center,C04
Spring 2025,"Debt, Distress, and Restructuring",35214,81,Evening MBA,Amir Sufi,"Wednesday, 6:00 PM - 9:00 PM",37/65,Gleacher Center,308
Spring 2025,Accounting for Entrepreneurship:  From Start-Up through IPO,30121,85,Weekend MBA,Philip Berger,"Saturday, 9:00 AM - 12:00 PM",13/65,Gleacher Center,304
Autumn 2024,Financial Accounting,30000,7,Full-Time MBA,Amoray Riggs-Cragun,"Tuesday, 8:30 AM - 11:30 AM",65/65,Harper Center,C08
Autumn 2024,Financial Accounting,30000,8,Master in Management,Delphine Samuels,"Tuesday, 8:30 AM - 11:30 AM",52/65,Gleacher Center,204
Autumn 2024,Financial Accounting,30000,9,Master in Management,Delphine Samuels,"Tuesday, 1:30 PM - 4:30 PM",51/65,Gleacher Center,204
Autumn 2024,Navigating the ESG Landscape: Sustainability Information and Analysis,30133,1,Full-Time MBA,Christian Leuz,"Tuesday, 1:30 PM - 4:30 PM",60/65,Harper Center,C07
Autumn 2024,Navigating the ESG Landscape: Sustainability Information and Analysis,30133,2,Full-Time MBA,Christian Leuz,"Tuesday, 5:00 PM - 8:00 PM",45/65,Harper Center,C07
Autumn 2024,Accounting and Financial Analysis,30116,2,Master in Finance,Hans Christensen,"Wednesday, 8:30 AM - 11:30 AM",67/70,Gleacher Center,204
Autumn 2024,Accounting and Financial Analysis,30116,3,Master in Finance,Hans Christensen,"Wednesday, 1:30 PM - 4:30 PM",64/70,Gleacher Center,204
Autumn 2024,Managing in Organizations,38001,81,Evening MBA,Ann McGill,"Wednesday, 6:00 PM - 9:00 PM",56/65,,
Spring 2025,Managing in Organizations,38001,3,Full-Time MBA,Ayelet Fishbach,"Wednesday, 1:30 PM - 4:30 PM",62/65,Harper Center,C09
Spring 2025,Investments,35000,85,Weekend MBA,Niels Gormsen,"Saturday, 9:00 AM - 12:00 PM",60/65,,
Spring 2025,Investments,35000,3,Full-Time MBA,Quentin Vandeweyer,"Wednesday, 8:30 AM - 11:30 AM",58/65,Harper Center,C06
Spring 2025,Investments,35000,4,Full-Time MBA,Quentin Vandeweyer,"Thursday, 8:30 AM - 11:30 AM",30/65,Harper Center,C06
Spring 2025,Investments,35000,81,Evening MBA,Quentin Vandeweyer,"Thursday, 6:00 PM - 9:00 PM",31/65,Gleacher Center,208
Winter 2025,Investments,35000,81,Evening MBA,Michael Weber,"Monday, 6:00 PM - 9:00 PM",68/70,Gleacher Center,406
Autumn 2024,Investments,35000,4,Master in Finance,Bruce Carlin,"Monday, 8:30 AM - 11:30 AM",46/65,Gleacher Center,206
Autumn 2024,Investments,35000,5,Master in Finance,Bruce Carlin,"Tuesday, 8:30 AM - 11:30 AM",49/65,Gleacher Center,206
Winter 2025,Managerial Finance,35010,1,Master in Management,Pietro Veronesi,"Tuesday, 8:30 AM - 11:30 AM",23/65,Harper Center,C01
Winter 2025,Corporation Finance,35200,3,Master in Finance,Anil Kashyap,"Thursday, 3:00 PM - 6:00 PM",32/65,Harper Center,C06
Winter 2025,Corporation Finance,35200,4,Master in Finance,Anil Kashyap,"Friday, 1:30 PM - 4:30 PM",53/65,Gleacher Center,206
Spring 2025,Arbitrage Investing,35124,1,Full-Time MBA,Mark Mitchell,"Monday, 10:10 AM - 11:30 AM Wednesday, 10:10 AM - 11:30 AM",32/65,Harper Center,C10
Winter 2025,Consumer Finance,35207,81,Evening MBA,Scott Nelson,"Thursday, 6:00 PM - 9:00 PM",23/65,Gleacher Center,208
Autumn 2024,Managerial Decision Modeling,36106,85,Weekend MBA,Varun Gupta,"Saturday, 9:00 AM - 12:00 PM",42/45,,
Winter 2025,Managerial Decision Modeling,36106,2,Full-Time MBA,Burhaneddin Sandikci,"Monday, 1:30 PM - 4:30 PM",32/45,Harper Center,C05
Autumn 2024,Behavioral and Institutional Finance,35215,85,Weekend MBA,Robert Vishny,"Saturday, 1:30 PM - 4:30 PM",52/65,Gleacher Center,404
Winter 2025,Competitive Strategy,42001,3,Master in Management,Milena Almagro,"Thursday, 1:30 PM - 4:30 PM",7/65,Gleacher Center,204
Spring 2025,Competitive Strategy,42001,2,Full-Time MBA,Jacob Leshno,"Tuesday, 1:30 PM - 4:30 PM",65/65,Harper Center,C04
Autumn 2024,Managerial Decision Making,38002,85,Weekend MBA,Reid Hastie,"Saturday, 1:30 PM - 4:30 PM",12/65,Gleacher Center,406
Winter 2025,Managerial Decision Making,38002,1,Full-Time MBA,Saurabh Bhargava,"Monday, 1:30 PM - 4:30 PM",65/65,Harper Center,C07
Winter 2025,Managerial Decision Making,38002,2,Full-Time MBA,Saurabh Bhargava,"Monday, 5:00 PM - 8:00 PM",18/65,Harper Center,C07
Spring 2025,Marketing Strategy,37000,81,Evening MBA,Berkeley Dietvorst,"Wednesday, 6:00 PM - 9:00 PM",19/65,Gleacher Center,208
Spring 2025,Marketing Strategy,37000,4,Master in Management,Berkeley Dietvorst,"Wednesday, 1:30 PM - 4:30 PM",11/65,Gleacher Center,208
Spring 2025,Marketing Strategy,37000,2,Full-Time MBA,Malika Korganbekova,"Thursday, 8:30 AM - 11:30 AM",21/65,Harper Center,C02
Spring 2025,Marketing Strategy,37000,3,Full-Time MBA,Malika Korganbekova,"Thursday, 1:30 PM - 4:30 PM",16/65,Harper Center,C02
Spring 2025,Strategies and Processes of Negotiation,38103,81,Evening MBA,Shereen Chaudhry,"Thursday, 6:00 PM - 9:00 PM",12/55,Gleacher Center,406
Winter 2025,Strategies and Processes of Negotiation,38103,81,Evening MBA,Alex Koch,"Monday, 6:00 PM - 9:00 PM",51/55,Gleacher Center,306
Spring 2025,Strategies and Processes of Negotiation,38103,82,Evening MBA,Erika Kirgios,"Tuesday, 6:00 PM - 9:00 PM",45/55,Gleacher Center,204
Winter 2025,Strategies and Processes of Negotiation,38103,85,Weekend MBA,Elena Zinchenko,"Saturday, 9:00 AM - 12:00 PM",49/55,,
Winter 2025,Diversity in Organizations,38122,1,Full-Time MBA,Jane Risen,"Thursday, 8:30 AM - 11:30 AM",20/65,Harper Center,C05
Winter 2025,Diversity in Organizations,38122,81,Evening MBA,Jane Risen,"Thursday, 6:00 PM - 9:00 PM",13/65,Gleacher Center,304
Winter 2025,Diversity in Organizations,38122,2,Full-Time MBA,Jane Risen,"Thursday, 1:30 PM - 4:30 PM",16/65,Harper Center,C05
Autumn 2024,Culture (And Why It Matters),38126,81,Evening MBA,Thomas Talhelm,"Thursday, 6:00 PM - 9:00 PM",29/55,Gleacher Center,408
Autumn 2024,Power and Influence in Organizations,38003,1,Full-Time MBA,A. Nussbaum,"Tuesday, 3:00 PM - 6:00 PM",42/65,Harper Center,C03
Winter 2025,Internal Information for Strategic Decisions,30005,1,Full-Time MBA,Anna Costello,"Monday, 8:30 AM - 11:30 AM",68/70,Harper Center,C03
Winter 2025,Internal Information for Strategic Decisions,30005,2,Full-Time MBA,Anna Costello,"Monday, 1:30 PM - 4:30 PM",65/65,Harper Center,C03
Spring 2025,Internal Information for Strategic Decisions,30005,1,Full-Time MBA,Christopher Stewart,"Tuesday, 8:30 AM - 11:30 AM",70/70,Harper Center,C25
Spring 2025,Internal Information for Strategic Decisions,30005,2,Full-Time MBA,Christopher Stewart,"Tuesday, 1:30 PM - 4:30 PM",70/70,Harper Center,C25
Winter 2025,Internal Information for Strategic Decisions,30005,81,Evening MBA,Anna Costello,"Wednesday, 6:00 PM - 9:00 PM",60/65,Gleacher Center,208
Spring 2025,Internal Information for Strategic Decisions,30005,85,Weekend MBA,Christopher Stewart,"Saturday, 1:30 PM - 4:30 PM",29/65,Gleacher Center,404
Spring 2025,Portfolio Management,35120,81,Evening MBA,Lubos Pastor,"Monday, 6:00 PM - 9:00 PM",64/65,Gleacher Center,308
Winter 2025,The Study of Behavioral Economics,38120,81,Evening MBA,Devin Pope,"Wednesday, 6:00 PM - 9:00 PM",70/70,Gleacher Center,206
Winter 2025,Business in Historical Perspective,33112,81,Evening MBA,Richard Hornbeck,"Monday, 6:00 PM - 9:00 PM",65/65,Gleacher Center,304
Winter 2025,Advanced Investments,35150,81,Evening MBA,Stefan Nagel,"Wednesday, 6:00 PM - 9:00 PM",12/65,Gleacher Center,406
Spring 2025,Advanced Financial Analysis and Valuation for Global Firms,30131,1,Full-Time MBA,Thomas Rauter,"Thursday, 8:30 AM - 11:30 AM",70/70,Harper Center,C07
Winter 2025,Macroeconomics and the Business Environment,33050,2,Full-Time MBA,Joseph Vavra,"Tuesday, 8:30 AM - 11:30 AM",58/65,Harper Center,C04
Winter 2025,Macroeconomics and the Business Environment,33050,81,Evening MBA,Joseph Vavra,"Monday, 6:00 PM - 9:00 PM",59/65,Gleacher Center,408
Winter 2025,New Venture Strategy,34102,81,Evening MBA,James Schrager,"Thursday, 6:00 PM - 9:00 PM",46/65,,
Spring 2025,New Venture Strategy,34102,2,Full-Time MBA,Jeremie Bacon,"Wednesday, 5:00 PM - 8:00 PM",15/65,Harper Center,C04
Winter 2025,The Political Economy of Climate Change,42129,81,Evening MBA,Chris Wheat,"Thursday, 6:00 PM - 9:00 PM",37/65,Gleacher Center,206
Winter 2025,"Business, Politics, and Ethics",33471,85,Weekend MBA,Brian Barry,"Saturday, 9:00 AM - 12:00 PM",31/42,Gleacher Center,404
Winter 2025,"Business, Politics, and Ethics",33471,3,Full-Time MBA,Brian Barry,"Wednesday, 8:30 AM - 11:30 AM",40/42,Harper Center,C07
Spring 2025,Machine Learning,41204,1,Full-Time MBA,Christian Hansen and Damian Kozbur,"Wednesday, 1:30 PM - 4:30 PM",65/65,Harper Center,C02
Spring 2025,Machine Learning,41204,81,Evening MBA,Christian Hansen and Damian Kozbur,"Wednesday, 6:00 PM - 9:00 PM",32/65,Gleacher Center,404
Winter 2025,Big Data,41201,1,Full-Time MBA,Veronika Rockova,"Tuesday, 1:30 PM - 4:30 PM",42/65,Harper Center,C09
Winter 2025,Big Data,41201,2,Full-Time MBA,Veronika Rockova,"Tuesday, 5:00 PM - 8:00 PM",24/65,Harper Center,C09
Autumn 2024,Business Statistics,41000,4,Full-Time MBA,Bryon Aragam,"Thursday, 8:30 AM - 11:30 AM",65/65,Harper Center,C06
Autumn 2024,Business Statistics,41000,5,Full-Time MBA,Bryon Aragam,"Friday, 8:30 AM - 11:30 AM",63/65,Harper Center,C06
Autumn 2024,Business Statistics,41000,6,Master in Management,Jeffrey Russell,"Monday, 8:30 AM - 11:30 AM Wednesday, 8:30 AM - 11:30 AM Friday, 8:30 AM - 11:30 AM",58/65,Gleacher Center,204
Autumn 2024,Business Statistics,41000,7,Master in Management,Jeffrey Russell,"Monday, 1:30 PM - 4:30 PM Wednesday, 1:30 PM - 4:30 PM Friday, 1:30 PM - 4:30 PM",57/65,Gleacher Center,204
Autumn 2024,Financial Analytics,41210,1,Master in Finance,Dacheng Xiu,"Monday, 8:30 AM - 11:30 AM Wednesday, 8:30 AM - 11:30 AM Friday, 8:30 AM - 11:30 AM",59/65,Gleacher Center,206
Autumn 2024,Financial Analytics,41210,2,Master in Finance,Dacheng Xiu,"Monday, 1:30 PM - 4:30 PM Wednesday, 1:30 PM - 4:30 PM Friday, 1:30 PM - 4:30 PM",57/65,Gleacher Center,206
Spring 2025,The Firm and the Non-Market Environment,33305,85,Weekend MBA,Marianne Bertrand,"Saturday, 9:00 AM - 12:00 PM",53/65,Gleacher Center,308
Autumn 2024,Microeconomics,33001,8,Master in Management,Andrew McClellan,"Thursday, 8:30 AM - 11:30 AM",58/65,Gleacher Center,206
Autumn 2024,Microeconomics,33001,9,Master in Management,Andrew McClellan,"Thursday, 1:30 PM - 4:30 PM",57/65,Gleacher Center,206
Spring 2025,Managing the Workplace,33032,2,Full-Time MBA,Canice Prendergast,"Tuesday, 8:30 AM - 11:30 AM",70/70,Harper Center,C02
Spring 2025,Operations Management: Business Process Fundamentals,40000,81,Evening MBA,Yuan Zhong,"Wednesday, 6:00 PM - 9:00 PM",25/65,Gleacher Center,206
Autumn 2024,Managerial Decision Modeling,36106,3,Master in Management,Rad Niazadeh,"Thursday, 5:00 PM - 8:00 PM",44/45,Gleacher Center,206
Autumn 2024,Managerial Decision Modeling,36106,4,Master in Management,Rad Niazadeh,"Friday, 8:30 AM - 11:30 AM",39/45,Gleacher Center,206
Winter 2025,Managing in Organizations,38001,85,Weekend MBA,Alexander Todorov,"Saturday, 9:00 AM - 12:00 PM",39/65,Gleacher Center,208
Autumn 2024,Microeconomics,33001,7,Full-Time MBA,Andrew McClellan,"Tuesday, 8:30 AM - 11:30 AM",64/65,Harper Center,C04
Spring 2025,Economic Modeling of Accounting Issues,30901,50,PhD,Haresh Sapra,"Tuesday, 8:30 AM - 11:30 AM",6/22,Harper Center,C08
Winter 2025,Corporate Social Responsibility and Policy Assessment,30905,50,PhD,Hans Christensen,"Wednesday, 3:00 PM - 6:00 PM",6/20,Harper Center,3B
Spring 2025,Financial Statement Analysis,30130,81,Evening MBA,John Hand,"Thursday, 6:00 PM - 9:00 PM",57/65,Gleacher Center,304
Autumn 2024,Power and Influence in Organizations,38003,2,Full-Time MBA,A. Nussbaum,"Wednesday, 1:30 PM - 4:30 PM",64/65,Harper Center,C07
Winter 2025,Applied Microeconomics in Economic History,33917,50,PhD,Richard Hornbeck,"Friday, 9:00 AM - 12:00 PM",8/35,Harper Center,3B
Winter 2025,Causal Inference for Business Applications,41207,1,Full-Time MBA,Panagiotis Toulis (Panos),"Wednesday, 5:00 PM - 8:00 PM",28/65,Harper Center,C04
Winter 2025,International Corporate Finance,35210,1,Full-Time MBA,Raghuram Rajan,"Thursday, 8:30 AM - 11:30 AM",57/65,Harper Center,C07
Autumn 2024,"Reputation, Regulation and Communications – How Media Influences Business",42123,1,Full-Time MBA,Guy Rolnik,"Tuesday, 1:30 PM - 4:30 PM",48/65,Harper Center,C25
Autumn 2024,"Reputation, Regulation and Communications – How Media Influences Business",42123,81,Evening MBA,Guy Rolnik,"Tuesday, 6:00 PM - 9:00 PM",26/65,Gleacher Center,400
Autumn 2024,"Reputation, Regulation and Communications – How Media Influences Business - Lab",42705,1,Full-Time MBA,Guy Rolnik,"Wednesday, 3:00 PM - 6:00 PM",10/35,Harper Center,3B
Winter 2025,Generative Thinking,32210,1,Full-Time MBA,Sanjog Misra,"Wednesday, 8:30 AM - 11:30 AM",65/65,Harper Center,C08
Spring 2025,Machine Learning in Finance,35137,1,Full-Time MBA,Leland Bybee,"Monday, 8:30 AM - 11:30 AM",43/65,Harper Center,C07
Spring 2025,Machine Learning in Finance,35137,81,Evening MBA,Leland Bybee,"Monday, 6:00 PM - 9:00 PM",20/65,Gleacher Center,406
Winter 2025,Data-Driven Marketing,37103,1,Full-Time MBA,Guenter Hitsch,"Wednesday, 1:30 PM - 4:30 PM",49/65,Harper Center,C02
Winter 2025,Data-Driven Marketing,37103,81,Evening MBA,Guenter Hitsch,"Wednesday, 6:00 PM - 9:00 PM",31/65,Gleacher Center,304
Winter 2025,Managerial Psychology,38000,1,Master in Management,Linda Ginzel,"Wednesday, 8:30 AM - 11:30 AM",59/65,Gleacher Center,204
Winter 2025,Managerial Psychology,38000,2,Master in Management,Linda Ginzel,"Wednesday, 1:30 PM - 4:30 PM",57/65,Gleacher Center,204
Autumn 2024,Foundations of Judgment and Decision Making,38913,50,PhD,Reid Hastie and George Wu,"Wednesday, 1:30 PM - 4:30 PM",13/19,Harper Center,3A
Spring 2025,Building the New Venture,34103,81,Evening MBA,Jennifer Fried,"Thursday, 6:00 PM - 9:00 PM",10/45,Gleacher Center,306
Winter 2025,Building the New Venture,34103,85,Weekend MBA,Samir Mayekar,"Saturday, 1:30 PM - 4:30 PM",36/45,Gleacher Center,404
Winter 2025,Money and Banking,33401,1,Full-Time MBA,Kilian Huber,"Tuesday, 10:10 AM - 11:30 AM Thursday, 10:10 AM - 11:30 AM",49/65,Harper Center,C08
Winter 2025,Money and Banking,33401,2,Full-Time MBA,Kilian Huber,"Tuesday, 1:30 PM - 4:30 PM",63/65,Harper Center,C08
Winter 2025,Money and Banking,33401,81,Evening MBA,Kilian Huber,"Tuesday, 6:00 PM - 9:00 PM",64/65,,
Autumn 2024,Cognitive Underpinnings of Decisions,37909,50,PhD,Daniel Bartels,"Tuesday, 1:00 PM - 2:00 PM",8/65,Harper Center,C50A
Winter 2025,Stochastic Optimization,36912,50,PhD,John Birge,"Friday, 8:30 AM - 11:30 AM",5/22,Harper Center,3SW
Autumn 2024,Technology Strategy,39101,1,Full-Time MBA,Marc Knez,"Monday, 8:30 AM - 11:30 AM",59/65,Harper Center,C04
Autumn 2024,The Wealth of Nations,33520,85,Weekend MBA,Chang-Tai Hsieh,"Saturday, 1:30 PM - 4:30 PM",59/65,,
Winter 2025,Marketing Strategy,37000,85,Weekend MBA,Christopher Krohn,"Saturday, 9:00 AM - 12:00 PM",52/65,Gleacher Center,204
Spring 2025,Revenue Management,40108,85,Weekend MBA,Rene Caldentey,"Saturday, 1:30 PM - 4:30 PM",45/65,Gleacher Center,208
Autumn 2024,Queueing Models for Service Operations Management,40911,50,PhD,Amy Ward,"Monday, 1:30 PM - 2:50 PM",6/20,Harper Center,3A
Winter 2025,AI and Financial Information,30135,1,Full-Time MBA,Bradford Levy,"Thursday, 8:30 AM - 11:30 AM",57/65,Harper Center,C03
Winter 2025,International Corporate Finance,35210,85,Weekend MBA,Raghuram Rajan,"Saturday, 9:00 AM - 12:00 PM",40/65,Gleacher Center,304
Autumn 2024,Game Theory,42116,1,Full-Time MBA,Emir Kamenica,"Monday, 1:30 PM - 4:30 PM",65/65,Harper Center,C10
Autumn 2024,Game Theory,42116,81,Evening MBA,Emir Kamenica,"Monday, 6:00 PM - 9:00 PM",61/65,Gleacher Center,406
Autumn 2024,Marketing Strategy (with Sustainability Simulation),37110,1,Full-Time MBA,Pradeep Chintagunta,"Monday, 8:30 AM - 11:30 AM",56/65,Harper Center,C10
Autumn 2024,Foundations of Advanced Quantitative Marketing,37902,50,PhD,Pradeep Chintagunta,"Monday, 5:00 PM - 8:00 PM",7/20,Harper Center,3A
Winter 2025,Marketing Literature Seminar,37905,50,PhD,Pradeep Chintagunta and Kristin Donnelly,"Wednesday, 9:30 AM - 12:30 PM",13/20,Harper Center,3SW
Autumn 2024,Investments,35000,3,Full-Time MBA,Ian Dew-Becker,"Monday, 8:30 AM - 11:30 AM",50/65,Harper Center,C02
Winter 2025,Supply Chain Strategy and Practice,40101,81,Evening MBA,Levi DeValve,"Tuesday, 6:00 PM - 9:00 PM",64/65,,
Winter 2025,Managing Service Operations,40110,1,Full-Time MBA,Amy Ward,"Thursday, 1:30 PM - 4:30 PM",44/45,Harper Center,C08
Winter 2025,Managing Service Operations,40110,81,Evening MBA,Amy Ward,"Thursday, 6:00 PM - 9:00 PM",36/45,Gleacher Center,404
Spring 2025,Entrepreneurship through Acquisition,34302,1,Full-Time MBA,Catherine Littell and Anthony Walker,"Tuesday, 1:30 PM - 4:30 PM",65/65,Harper Center,C01
Spring 2025,Managerial Decision Making,38002,1,Full-Time MBA,Reid Hastie,"Thursday, 8:30 AM - 11:30 AM",40/65,Harper Center,C01
Spring 2025,Managerial Decision Making,38002,81,Evening MBA,Reid Hastie,"Tuesday, 6:00 PM - 9:00 PM",29/65,Gleacher Center,308
Spring 2025,Adv Mktg Theory:  Behavioral Science Approach,37903,50,PhD,Abigail Sussman,"Wednesday, 3:00 PM - 6:00 PM",5/22,Harper Center,3A
Winter 2025,Brand Management in a Digital Age,37209,85,Weekend MBA,Tom Hafen,"Saturday, 1:30 PM - 4:30 PM",48/65,Gleacher Center,408
Spring 2025,Brand Management in a Digital Age,37209,81,Evening MBA,Tom Hafen,"Monday, 6:00 PM - 9:00 PM",63/65,,
Winter 2025,Current Topics in Behavioral Science I,38901,50,PhD,Ayelet Fishbach and Joshua Jackson,"Tuesday, 1:30 PM - 4:30 PM",9/20,Harper Center,3A
Spring 2025,Current Topics in Behavioral Science II,38902,50,PhD,Ed O'Brien and Jane Risen,"Wednesday, 8:30 AM - 11:30 AM",6/19,Harper Center,3SW
Winter 2025,A Course In Experimental Economics,38922,50,PhD,John List,"Thursday, 8:30 AM - 11:20 AM",19/30,,
Winter 2025,Microeconomics,33001,85,Weekend MBA,Rebecca Dizon-Ross,"Saturday, 9:00 AM - 12:00 PM",55/65,Gleacher Center,408
Winter 2025,Brand Management in a Digital Age,37209,1,Full-Time MBA,Tom Hafen,"Monday, 5:00 PM - 8:00 PM",69/70,Harper Center,C10
Winter 2025,Hacking For Defense,34715,1,Full-Time MBA,Will Gossin and Todd Henderson,"Friday, 1:30 PM - 4:30 PM",32/36,Harper Center,C03
Winter 2025,Strategy Simulation: Creating Value in Complex and Ambiguous Settings,42715,85,Weekend MBA,Kathleen Fitzgerald,"Saturday, 9:00 AM - 12:00 PM",37/54,Gleacher Center,206
Autumn 2024,Healthcare Data for Researchers,40912,50,PhD,Dan Adelman,"Wednesday, 8:30 AM - 11:30 AM",7/20,Harper Center,3A
Spring 2025,Cases in Financial Management,35201,81,Evening MBA,Joshua Pierce,"Tuesday, 6:00 PM - 9:00 PM",55/65,,
Winter 2025,Cases in Financial Management,35201,1,Full-Time MBA,Joshua Pierce,"Tuesday, 1:30 PM - 4:30 PM",19/65,Harper Center,C10
Spring 2025,International Commercial Policy,33501,1,Full-Time MBA,Rodrigo Adao,"Tuesday, 1:30 PM - 2:50 PM Thursday, 1:30 PM - 2:50 PM",25/65,Harper Center,C09
Winter 2025,Impact Investing,34113,81,Evening MBA,Priya Parrish,"Thursday, 6:00 PM - 9:00 PM",29/65,Gleacher Center,406
Winter 2025,Impact Investing,34113,1,Full-Time MBA,Priya Parrish,"Thursday, 1:30 PM - 4:30 PM",62/65,Harper Center,C10
Winter 2025,Supply Chain Strategy and Practice,40101,2,Full-Time MBA,Levi DeValve,"Wednesday, 8:30 AM - 11:30 AM",66/70,Harper Center,C09
Winter 2025,Big Data,41201,85,Weekend MBA,Veronika Rockova,"Saturday, 1:30 PM - 4:30 PM",20/65,Gleacher Center,208
Winter 2025,Application Development,36110,1,Full-Time MBA,Raghu Betina,"Thursday, 8:30 AM - 11:30 AM",28/30,Harper Center,C06
Winter 2025,Application Development,36110,81,Evening MBA,Raghu Betina,"Thursday, 6:00 PM - 9:00 PM",21/30,Gleacher Center,306
Spring 2025,Storytelling and Narratives in Business,42124,2,Master in Management,Guy Rolnik,"Friday, 1:30 PM - 4:30 PM",9/65,Gleacher Center,206
Spring 2025,Application Development,36110,1,Full-Time MBA,Raghu Betina,"Monday, 1:30 PM - 4:30 PM",30/30,Harper Center,C03
Spring 2025,Health Economics Literature Seminar,33920,50,PhD,Joshua Gottlieb,"Wednesday, 10:10 AM - 11:30 AM",3/20,Harper Center,3A
Spring 2025,Application Development II,36111,81,Evening MBA,Raghu Betina,"Wednesday, 6:00 PM - 9:00 PM",14/30,Gleacher Center,304
Autumn 2024,Managing the Workplace,33032,81,Evening MBA,Stacey Kole,"Tuesday, 6:00 PM - 9:00 PM",37/65,Gleacher Center,204
Winter 2025,Operations Management: Business Process Fundamentals,40000,85,Weekend MBA,Linwei Xin,"Saturday, 1:30 PM - 4:30 PM",25/65,Gleacher Center,204
Winter 2025,Corporation Finance,35200,1,Full-Time MBA,Pascal Noel,"Wednesday, 8:30 AM - 11:30 AM",51/65,Harper Center,C03
Winter 2025,Corporation Finance,35200,2,Full-Time MBA,Pascal Noel,"Wednesday, 1:30 PM - 4:30 PM",63/65,Harper Center,C03
Autumn 2024,New Products and Services,37200,1,Full-Time MBA,Arthur Middlebrooks,"Wednesday, 8:30 AM - 11:30 AM",54/55,Harper Center,C07
Autumn 2024,New Products and Services,37200,81,Evening MBA,Arthur Middlebrooks,"Wednesday, 6:00 PM - 9:00 PM",38/55,Gleacher Center,408
Autumn 2024,New Products and Services,37200,2,Full-Time MBA,Arthur Middlebrooks,"Thursday, 8:30 AM - 11:30 AM",43/55,Harper Center,C01
Spring 2025,The Wealth of Nations,33520,1,Full-Time MBA,Chang-Tai Hsieh,"Tuesday, 1:30 PM - 4:30 PM",61/65,Harper Center,C07
Spring 2025,The Wealth of Nations,33520,81,Evening MBA,Chang-Tai Hsieh,"Monday, 6:00 PM - 9:00 PM",15/65,Gleacher Center,304
Winter 2025,Applied Regression Analysis,41100,1,Full-Time MBA,Ekaterina (Katja) Smetanina,"Wednesday, 8:30 AM - 11:30 AM",26/65,Harper Center,C06
Winter 2025,Applied Regression Analysis,41100,81,Evening MBA,Ekaterina (Katja) Smetanina,"Monday, 6:00 PM - 9:00 PM",16/65,Gleacher Center,206
Spring 2025,Experimental Marketing,37107,1,Full-Time MBA,Oleg Urminsky,"Wednesday, 8:30 AM - 11:30 AM",11/38,Harper Center,3B
Spring 2025,Experimental Marketing,37107,81,Evening MBA,Oleg Urminsky,"Tuesday, 6:00 PM - 9:00 PM",14/65,Gleacher Center,306
Winter 2025,Behavioral Science Research Methods in Marketing,37907,50,PhD,Oleg Urminsky,"Friday, 9:00 AM - 12:00 PM",13/25,Harper Center,C10
Winter 2025,International Corporate Finance,35210,2,Full-Time MBA,Raghuram Rajan,"Thursday, 1:30 PM - 4:30 PM",53/65,Harper Center,C07
Winter 2025,Marketing Strategy,37000,3,Master in Management,Christopher Krohn,"Monday, 5:00 PM - 8:00 PM",22/65,Gleacher Center,204
Spring 2025,Innovation Leadership,34108,81,Evening MBA,James Janega,"Wednesday, 6:00 PM - 9:00 PM",39/40,Gleacher Center,408
Summer 2025,Applied Regression Analysis,41100,81,Evening MBA,Carlos Carvalho,"Friday, 6:00 PM - 9:00 PM",0/65,,
Winter 2025,Financial Markets in the Macroeconomy,33948,50,PhD,Veronica Guerrieri,"Thursday, 1:30 PM - 4:30 PM",8/22,Harper Center,C25
Spring 2025,Value Creation in Small Businesses,34211,81,Evening MBA,Dan Cremons and Alex Hodgkin,"Thursday, 6:00 PM - 9:00 PM",64/65,Gleacher Center,204
Spring 2025,Strategy and Structure: Markets and Organizations,39001,81,Evening MBA,Ningzi Li,"Wednesday, 6:00 PM - 9:00 PM",42/65,Gleacher Center,306
Autumn 2024,Strategy and Digital Disruption,42132,81,Evening MBA,Paul Mang,"Monday, 6:00 PM - 9:00 PM",17/65,Gleacher Center,404
Spring 2025,Crafting and Delivering Persuasive Narratives,38107,1,Full-Time MBA,Hal Weitzman,"Wednesday, 5:00 PM - 8:00 PM",36/36,Harper Center,C02
Autumn 2024,Managerial Decision Modeling,36106,5,Master in Management,Rad Niazadeh,"Friday, 1:30 PM - 4:30 PM",33/45,Gleacher Center,206
Winter 2025,Leadership Practicum,31402,1,Full-Time MBA,Chris Collins,"Thursday, 8:30 AM - 11:30 AM",21/40,Harper Center,219
Autumn 2024,Leadership Lab,31404,1,Full-Time MBA,Chris Collins,"Wednesday, 1:30 PM - 4:30 PM",20/30,Harper Center,219
Winter 2025,Leadership Lab,31404,81,Evening MBA,Betsy Sobiech,"Thursday, 6:00 PM - 9:00 PM",10/30,Gleacher Center,422
Spring 2025,Leadership Lab,31404,1,Full-Time MBA,Chris Collins,"Thursday, 8:30 AM - 11:30 AM",33/30,Harper Center,225
Spring 2025,Perspectives on Capitalism Seminar,33251,1,Full-Time MBA,Susana Vasquez,"Tuesday, 10:00 AM - 11:30 AM",12/12,Harper Center,223
Spring 2025,Perspectives on Capitalism Seminar,33251,2,Full-Time MBA,Susana Vasquez,"Tuesday, 1:30 PM - 3:00 PM",12/12,Harper Center,223
Spring 2025,Perspectives on Capitalism Seminar,33251,3,Full-Time MBA,Brian Barry,"Wednesday, 10:00 AM - 11:30 AM",12/12,Harper Center,223
Spring 2025,Perspectives on Capitalism Seminar,33251,4,Full-Time MBA,Brian Barry,"Thursday, 10:00 AM - 11:30 AM",12/12,Harper Center,223
Spring 2025,Perspectives on Capitalism Seminar,33251,5,Full-Time MBA,Brian Barry,"Thursday, 1:30 PM - 3:00 PM",11/12,Harper Center,223
Spring 2025,Perspectives on Capitalism Seminar,33251,6,Full-Time MBA,Robert Gertner,"Wednesday, 3:00 PM - 4:30 PM",12/12,Harper Center,223
Spring 2025,Perspectives on Capitalism Seminar,33251,7,Full-Time MBA,Robert Gertner,"Thursday, 10:00 AM - 11:30 AM",12/12,Harper Center,3SW
Spring 2025,Perspectives on Capitalism Seminar,33251,8,Full-Time MBA,Robert Gertner,"Thursday, 1:30 PM - 3:00 PM",12/12,Harper Center,207DNS
Spring 2025,Perspectives on Capitalism Seminar,33251,81,Evening MBA,Caroline Grossman,"Wednesday, 6:45 PM - 8:15 PM",12/12,Harper Center,219
Spring 2025,Perspectives on Capitalism Seminar,33251,82,Evening MBA,James Carmichael,"Monday, 6:00 PM - 7:30 PM",15/15,,
Spring 2025,Perspectives on Capitalism Seminar,33251,83,Evening MBA,James Carmichael,"Tuesday, 6:00 PM - 7:30 PM",15/15,,
Spring 2025,Perspectives on Capitalism Seminar,33251,84,Evening MBA,James Carmichael,"Thursday, 6:00 PM - 7:30 PM",15/15,,
Autumn 2024,Advanced New Venture Strategy Workshop,34220,85,Weekend MBA,James Schrager,"Saturday, 1:30 PM - 4:30 PM",39/40,,
Winter 2025,Data Analysis with Python and SQL,32120,1,Full-Time MBA,Lara Kattan,"Monday, 8:30 AM - 11:30 AM",33/35,Harper Center,C10
Winter 2025,Data Analysis with Python and SQL,32120,2,Full-Time MBA,Lara Kattan,"Monday, 1:30 PM - 4:30 PM",32/35,Harper Center,C06
Winter 2025,Data Analysis with Python and SQL,32120,81,Evening MBA,Lara Kattan,"Wednesday, 6:00 PM - 9:00 PM",35/35,,
Autumn 2024,Data Analysis with R and Python,32100,1,Full-Time MBA,Lara Kattan,"Wednesday, 5:00 PM - 8:00 PM",20/35,Harper Center,C06
Autumn 2024,Data Analysis with R and Python,32100,81,Evening MBA,Lara Kattan,"Thursday, 6:00 PM - 9:00 PM",29/35,Gleacher Center,406
Spring 2025,Platforms and Market Design,42135,1,Full-Time MBA,Eric Budish,"Monday, 1:30 PM - 4:30 PM",65/65,Harper Center,C02
Spring 2025,Platforms and Market Design,42135,81,Evening MBA,Eric Budish,"Monday, 6:00 PM - 9:00 PM",37/65,Gleacher Center,306
Autumn 2024,Culture (And Why It Matters),38126,1,Full-Time MBA,Thomas Talhelm,"Wednesday, 8:30 AM - 11:30 AM",63/65,Harper Center,C10
Spring 2025,Financing the Grid: Valuing Transmission & Storage Capacity,33320,81,Evening MBA,John Birge and David K.A. Mordecai and Kevin Murphy,"Tuesday, 6:00 PM - 9:00 PM",29/65,Gleacher Center,200
Autumn 2024,Strategies and Processes of Negotiation,38103,1,Full-Time MBA,Joshua Dean,"Thursday, 8:30 AM - 11:30 AM",55/55,Harper Center,C08
Autumn 2024,Strategies and Processes of Negotiation,38103,2,Full-Time MBA,Joshua Dean,"Thursday, 1:30 PM - 4:30 PM",55/55,Harper Center,C08
Spring 2025,Strategies and Processes of Negotiation,38103,4,Full-Time MBA,John Burrows,"Wednesday, 8:30 AM - 11:30 AM",55/55,Harper Center,C02
Spring 2025,The FinTech Revolution,35123,1,Full-Time MBA,Luigi Zingales,"Tuesday, 8:30 AM - 11:30 AM",63/65,Harper Center,C07
Spring 2025,The FinTech Revolution,35123,81,Evening MBA,Luigi Zingales,"Tuesday, 6:00 PM - 9:00 PM",49/65,Gleacher Center,404
Spring 2025,Crony Capitalism,35225,1,Full-Time MBA,Luigi Zingales,"Wednesday, 8:30 AM - 11:30 AM",33/33,Harper Center,C07
Spring 2025,Health-Tech Strategy,42310,1,Full-Time MBA,Dipul Patadia,"Wednesday, 1:30 PM - 4:30 PM",64/65,Harper Center,C07
Autumn 2024,The Business of Pharmaceuticals,33351,81,Evening MBA,Ream Qato,"Thursday, 6:00 PM - 9:00 PM",55/65,Gleacher Center,204
Spring 2025,Operations Management: Business Process Fundamentals,40000,1,Full-Time MBA,Yuan Zhong,"Tuesday, 1:30 PM - 4:30 PM",63/65,Harper Center,C08
Spring 2025,Operations Management: Business Process Fundamentals,40000,2,Full-Time MBA,Yuan Zhong,"Wednesday, 8:30 AM - 11:30 AM",36/65,Harper Center,C08
Summer 2025,Business Statistics,41000,81,Evening MBA,Robert McCulloch,"Tuesday, 6:00 PM - 9:00 PM",0/65,,
Winter 2025,Designing a Good Life,38119,2,Full-Time MBA,Nicholas Epley,"Wednesday, 5:00 PM - 8:00 PM",65/65,Harper Center,C10
Summer 2025,Internal Information for Strategic Decisions,30005,81,Evening MBA,J. Hanna,"Tuesday, 6:00 PM - 9:00 PM",0/65,Gleacher Center,308
Winter 2025,Corporate Social Responsibility (CSR) Social Impact Practicum,42708,1,Full-Time MBA,Caroline Grossman,"Monday, 3:00 PM - 6:00 PM",17/20,Harper Center,C01
Summer 2025,Strategies and Processes of Negotiation,38103,85,Weekend MBA,John Burrows,"Saturday, 9:00 AM - 12:00 PM",0/65,Gleacher Center,408
Summer 2025,Persuasion: Effective Business Communication,38101,81,Evening MBA,Hal Weitzman,"Monday, 6:00 PM - 9:00 PM",0/36,Gleacher Center,406
Spring 2025,Operations Management: Business Process Fundamentals,40000,3,Full-Time MBA,Ozan Candogan,"Thursday, 8:30 AM - 11:30 AM",43/65,Harper Center,C03
Spring 2025,Operations Management: Business Process Fundamentals,40000,4,Full-Time MBA,Ozan Candogan,"Thursday, 1:30 PM - 4:30 PM",44/65,Harper Center,C03
Summer 2025,Building the New Venture,34103,81,Evening MBA,Ale Breuer,"Wednesday, 6:00 PM - 9:00 PM",0/45,Gleacher Center,304
Summer 2025,Leadership Practicum,31402,81,Evening MBA,Chris Collins,"Tuesday, 6:00 PM - 9:00 PM",0/40,Gleacher Center,422
Winter 2025,Artificial Intelligence,32200,1,Full-Time MBA,Dacheng Xiu,"Monday, 8:30 AM - 11:30 AM",59/65,Harper Center,C08
Summer 2025,Understanding the Health Policy Forces Driving the U.S. Health Care System,33352,81,Evening MBA,Catina Latham,"Tuesday, 6:00 PM - 9:00 PM",0/65,Gleacher Center,408
Spring 2025,Data Visualization for Decision-Making,32130,81,Evening MBA,Lara Kattan,"Monday, 6:00 PM - 9:00 PM",45/45,Gleacher Center,208
Winter 2025,Entrepreneurial Finance and Private Equity,34101,81,Evening MBA,Eric Zwick,"Tuesday, 6:00 PM - 9:00 PM",27/65,Gleacher Center,208
Spring 2025,Housing and Social Impact Lab,42712,1,Full-Time MBA,Susana Vasquez,"Thursday, 8:30 AM - 11:30 AM",12/20,Harper Center,C09
Spring 2025,Entrepreneurial Finance and Private Equity,34101,1,Full-Time MBA,Scott Meadow,"Wednesday, 8:30 AM - 11:30 AM",74/75,Harper Center,C25
Spring 2025,Corporation Finance,35200,3,Full-Time MBA,Pascal Noel,"Thursday, 8:30 AM - 11:30 AM",45/65,Harper Center,C04
Spring 2025,Data Analysis with Python and SQL,32120,1,Full-Time MBA,Lara Kattan,"Tuesday, 8:30 AM - 11:30 AM",35/35,Harper Center,C05
Spring 2025,Financial Statement Analysis,30130,2,Full-Time MBA,John Hand,"Thursday, 8:30 AM - 11:30 AM",65/65,Harper Center,C08
Summer 2025,Investments,35000,81,Evening MBA,Staff Staff,6:00 PM - 9:00 PM,0/65,,
Spring 2025,Perspectives on Capitalism,33250,81,Evening MBA,Robert Gertner,"Wednesday, 5:00 PM - 6:30 PM",51/60,,
Spring 2025,Pricing Strategies,37202,81,Evening MBA,Jean-Pierre Dubé,"Wednesday, 6:00 PM - 9:00 PM",64/65,Gleacher Center,204
Spring 2025,Perspectives on Capitalism Seminar,33251,10,Full-Time MBA,Susana Vasquez,"Tuesday, 3:30 PM - 5:00 PM",12/12,Harper Center,223
Spring 2025,Advanced Industrial Organization III,33923,50,PhD,Staff Staff,"Monday, 1:30 PM - 2:50 PM Wednesday, 1:30 PM - 2:50 PM",2/15,,
Spring 2025,Cases in Financial Management,35201,2,Master in Finance,Gregor Andrade,"Friday, 1:30 PM - 4:30 PM",45/65,Harper Center,C02
Spring 2025,Entrepreneurial Finance and Private Equity,34101,2,Master in Finance,Jim Fasano,"Tuesday, 3:30 PM - 6:30 PM",26/65,Harper Center,C03
